-- i. Заполнить все таблицы БД vk данными (по 10-100 записей в каждой таблице)

INSERT INTO `users` (`id`, `firstname`, `lastname`, `email`, `password_hash`, `phone`) VALUES ('1', 'Aleen', 'Schamberger', 'stuart25@example.org', 'e270724d4617198013e9153c26d03f068a3152c9', '89865705545');
INSERT INTO `users` (`id`, `firstname`, `lastname`, `email`, `password_hash`, `phone`) VALUES ('2', 'Chaim', 'Jerde', 'fermin.schmeler@example.com', '4f192bc5d0c55b430da3feeb2c13df6b9f7a3214', '89470838428');
INSERT INTO `users` (`id`, `firstname`, `lastname`, `email`, `password_hash`, `phone`) VALUES ('3', 'Eldridge', 'Olson', 'marley92@example.net', 'a24971809c3f9767986827d2352063a02c830a57', '89805674219');
INSERT INTO `users` (`id`, `firstname`, `lastname`, `email`, `password_hash`, `phone`) VALUES ('4', 'Rossie', 'Ziemann', 'rruecker@example.net', '2bf0f0fc576e0ab2bfcfd41177c21c6d5e4c1dbc', '89768452150');
INSERT INTO `users` (`id`, `firstname`, `lastname`, `email`, `password_hash`, `phone`) VALUES ('5', 'Anne', 'Ratke', 'sonia.rodriguez@example.com', 'd2771cba6c2441f65bb51aafc2dc1ab5c637a47e', '89143058946');
INSERT INTO `users` (`id`, `firstname`, `lastname`, `email`, `password_hash`, `phone`) VALUES ('6', 'Darby', 'Bahringer', 'thiel.delmer@example.net', '130610b197bde21608bfd090e857afd5202d67cb', '89261077505');
INSERT INTO `users` (`id`, `firstname`, `lastname`, `email`, `password_hash`, `phone`) VALUES ('7', 'Jackie', 'Wyman', 'glarkin@example.org', '49cb8aa288b82d8ae9f02dd91391d499e0da8bc9', '89676600111');
INSERT INTO `users` (`id`, `firstname`, `lastname`, `email`, `password_hash`, `phone`) VALUES ('8', 'Jazlyn', 'Conn', 'qcarroll@example.org', 'f88d87228a761ae4bf297fccc89232f7db4d3718', '89150122711');
INSERT INTO `users` (`id`, `firstname`, `lastname`, `email`, `password_hash`, `phone`) VALUES ('9', 'Zelda', 'Wiza', 'favian02@example.com', '60cd8fcfa9961ff902aeafd6aa9b4f68e1df66e8', '89070835235');
INSERT INTO `users` (`id`, `firstname`, `lastname`, `email`, `password_hash`, `phone`) VALUES ('10', 'Alena', 'Swift', 'nkerluke@example.com', 'b342277610fec31e72bfab2e4b58aa06621c6aaf', '89287411819');
INSERT INTO `users` (`id`, `firstname`, `lastname`, `email`, `password_hash`, `phone`) VALUES ('11', 'Reymundo', 'Welch', 'chauck@example.com', '670adac25b41ffe170d5b8c79e9b549844490d69', '89918760971');
INSERT INTO `users` (`id`, `firstname`, `lastname`, `email`, `password_hash`, `phone`) VALUES ('12', 'Layne', 'Johns', 'zachary.d\'amore@example.com', '56fa0abb1945f74b1ca346d8c0369d3e7389ec87', '89956263213');
INSERT INTO `users` (`id`, `firstname`, `lastname`, `email`, `password_hash`, `phone`) VALUES ('13', 'Molly', 'Will', 'babbott@example.com', '66eb22a5eac7494d31f056283e01aaef5ca686a9', '89103201091');
INSERT INTO `users` (`id`, `firstname`, `lastname`, `email`, `password_hash`, `phone`) VALUES ('14', 'Kaylie', 'Daniel', 'freddie.torp@example.org', '94bca8fee37d54802c7432ca3fdf58ef021eb102', '89996794564');
INSERT INTO `users` (`id`, `firstname`, `lastname`, `email`, `password_hash`, `phone`) VALUES ('15', 'Genevieve', 'Schuster', 'glowe@example.com', '69b52ddd44a5e4f37ab3315bdb20ea8355e976c0', '89889182230');
INSERT INTO `users` (`id`, `firstname`, `lastname`, `email`, `password_hash`, `phone`) VALUES ('16', 'Beverly', 'Greenholt', 'funk.etha@example.com', 'd7686225bee1d747c6003b3398a2220020908c96', '89662214484');
INSERT INTO `users` (`id`, `firstname`, `lastname`, `email`, `password_hash`, `phone`) VALUES ('17', 'Ashley', 'Terry', 'grimes.wilson@example.com', '1ab9cf2ad85ffbcd5a595dbe358dfc93d2267b83', '89878486939');
INSERT INTO `users` (`id`, `firstname`, `lastname`, `email`, `password_hash`, `phone`) VALUES ('18', 'Gerry', 'Upton', 'ekuhlman@example.net', 'b368088d0d3b44afce631ef54d2c719667ebde61', '89770538012');
INSERT INTO `users` (`id`, `firstname`, `lastname`, `email`, `password_hash`, `phone`) VALUES ('19', 'Donna', 'Roob', 'christiansen.malachi@example.com', '01fdfe75271da2526154839f570650a1b6691302', '89315596546');
INSERT INTO `users` (`id`, `firstname`, `lastname`, `email`, `password_hash`, `phone`) VALUES ('20', 'Josefa', 'Hane', 'tortiz@example.com', '1f526c5fddd7eae96317ff06d58f890f4cc76731', '89267220775');
INSERT INTO `users` (`id`, `firstname`, `lastname`, `email`, `password_hash`, `phone`) VALUES ('21', 'Anais', 'Franecki', 'kaleb55@example.net', '6c16f914363abf662ba7c7c9065e1e92ea7eb78c', '89584224184');
INSERT INTO `users` (`id`, `firstname`, `lastname`, `email`, `password_hash`, `phone`) VALUES ('22', 'Berneice', 'Kulas', 'jonathan.glover@example.com', '3696f11a3f1fdf262f965dfd784a07dabd966e68', '89159738174');
INSERT INTO `users` (`id`, `firstname`, `lastname`, `email`, `password_hash`, `phone`) VALUES ('23', 'Samir', 'Gorczany', 'mills.rhiannon@example.org', 'b41f8c1e1e00190f0e0670a52621fcaa2e004f01', '89043640252');
INSERT INTO `users` (`id`, `firstname`, `lastname`, `email`, `password_hash`, `phone`) VALUES ('24', 'Wilson', 'Lowe', 'margarett.wyman@example.org', 'adf41aaf3f333b0f11bbba889334ea9fb118c1ee', '89764545314');
INSERT INTO `users` (`id`, `firstname`, `lastname`, `email`, `password_hash`, `phone`) VALUES ('25', 'Hallie', 'King', 'pmertz@example.com', '094d90fb331e9487042ad08db139f746b0f089d7', '89673317766');
INSERT INTO `users` (`id`, `firstname`, `lastname`, `email`, `password_hash`, `phone`) VALUES ('26', 'Orval', 'Schimmel', 'lamar96@example.net', 'a9fa580885a1518d6a1a630626abca1a04d808dc', '89749759538');
INSERT INTO `users` (`id`, `firstname`, `lastname`, `email`, `password_hash`, `phone`) VALUES ('27', 'Forest', 'Borer', 'xrogahn@example.com', '667d3355ace80f313a69f44db38178c7c35b45f7', '89410893735');
INSERT INTO `users` (`id`, `firstname`, `lastname`, `email`, `password_hash`, `phone`) VALUES ('28', 'Gust', 'Reichel', 'bailey.moen@example.org', 'fe753bc7fc9c73ae5a0294b94234b7ecde33d3ae', '89554470571');
INSERT INTO `users` (`id`, `firstname`, `lastname`, `email`, `password_hash`, `phone`) VALUES ('29', 'Casimer', 'Langosh', 'carissa09@example.com', '0458f77861b63af41a40c492eb317fa32fbc34b7', '89279131719');
INSERT INTO `users` (`id`, `firstname`, `lastname`, `email`, `password_hash`, `phone`) VALUES ('30', 'Chris', 'Stroman', 'cgutmann@example.org', '6ffa35674b5e83f10887de740728ba8ae329f001', '89564150614');
INSERT INTO `users` (`id`, `firstname`, `lastname`, `email`, `password_hash`, `phone`) VALUES ('31', 'Jo', 'Muller', 'granville.mante@example.com', '57ca6278a5ca6590eb0b4fa89a3e860a999ebbbe', '89408309783');
INSERT INTO `users` (`id`, `firstname`, `lastname`, `email`, `password_hash`, `phone`) VALUES ('32', 'Scarlett', 'Howell', 'steve.durgan@example.net', 'f9b7b671b5edd2e18aef2a1de7e9e7382a6b7f8c', '89968113885');
INSERT INTO `users` (`id`, `firstname`, `lastname`, `email`, `password_hash`, `phone`) VALUES ('33', 'Shayna', 'Rempel', 'isabella.altenwerth@example.net', '41adeaefd476224716a31994859e79d2a725dfdb', '89615682746');
INSERT INTO `users` (`id`, `firstname`, `lastname`, `email`, `password_hash`, `phone`) VALUES ('34', 'Ryan', 'Gutmann', 'melany71@example.org', '50fbf26da069a2a96829cc5776e2c134de9c25bd', '89792796068');
INSERT INTO `users` (`id`, `firstname`, `lastname`, `email`, `password_hash`, `phone`) VALUES ('35', 'Wanda', 'Bahringer', 'wtorp@example.net', '7cb6e1d457dd25984ef426af49f98fe9b0fbd364', '89452171567');
INSERT INTO `users` (`id`, `firstname`, `lastname`, `email`, `password_hash`, `phone`) VALUES ('36', 'Alejandra', 'Kub', 'jacobs.cecile@example.net', '3d3b599ca4732147dd9667cbdd6695390fbd5e32', '89780647692');
INSERT INTO `users` (`id`, `firstname`, `lastname`, `email`, `password_hash`, `phone`) VALUES ('37', 'Leila', 'Hilpert', 'schroeder.destiny@example.org', '1ad7db90b8f2b80580f086454248714ae06f4ed7', '89579729254');
INSERT INTO `users` (`id`, `firstname`, `lastname`, `email`, `password_hash`, `phone`) VALUES ('38', 'Jaunita', 'Luettgen', 'mina.lowe@example.com', '2746358ed22dfc7255fdca0fbb8ea474f8b0ba54', '89659170548');
INSERT INTO `users` (`id`, `firstname`, `lastname`, `email`, `password_hash`, `phone`) VALUES ('39', 'Melany', 'Lindgren', 'lorna18@example.org', '3497b567f6a2eaa134ddf8e7411b1fb9f555b7cc', '89410060631');
INSERT INTO `users` (`id`, `firstname`, `lastname`, `email`, `password_hash`, `phone`) VALUES ('40', 'Keenan', 'Lang', 'lgottlieb@example.net', '3529337f622e4a904236a7f0f37700dfdeb9f75e', '89097214522');
INSERT INTO `users` (`id`, `firstname`, `lastname`, `email`, `password_hash`, `phone`) VALUES ('41', 'Kallie', 'Walsh', 'ebergnaum@example.com', '3a049dec4466cf9fd8e6565c9bf6743b3ae89b14', '89497936906');
INSERT INTO `users` (`id`, `firstname`, `lastname`, `email`, `password_hash`, `phone`) VALUES ('42', 'Gus', 'Zboncak', 'beverly.lueilwitz@example.org', '177d9e2aa22de035dd57bc6f869115677c4539ac', '89753242459');
INSERT INTO `users` (`id`, `firstname`, `lastname`, `email`, `password_hash`, `phone`) VALUES ('43', 'Verona', 'Lockman', 'emmerich.viola@example.org', '6867aae0fc3fa30c17d9f06132d5baf6f30451d3', '89810719185');
INSERT INTO `users` (`id`, `firstname`, `lastname`, `email`, `password_hash`, `phone`) VALUES ('44', 'Tod', 'Carter', 'clement57@example.org', '1b990dbaf1f864df3b3526732323009eaae4d732', '89706242578');
INSERT INTO `users` (`id`, `firstname`, `lastname`, `email`, `password_hash`, `phone`) VALUES ('45', 'Jevon', 'Gleichner', 'xfunk@example.net', '7279ecca2795a848c9e0ff4295d7ec31af159da6', '89740951356');
INSERT INTO `users` (`id`, `firstname`, `lastname`, `email`, `password_hash`, `phone`) VALUES ('46', 'Jacynthe', 'Pfannerstill', 'fern02@example.org', '48aec5173e4308ea71bdc63851a0ac8db5403708', '89397868555');
INSERT INTO `users` (`id`, `firstname`, `lastname`, `email`, `password_hash`, `phone`) VALUES ('47', 'Alvera', 'Ratke', 'reed90@example.net', 'a4d2df41f1cc7ab0a43080a5db7e679a012180a5', '89634654875');
INSERT INTO `users` (`id`, `firstname`, `lastname`, `email`, `password_hash`, `phone`) VALUES ('48', 'Thea', 'Dickinson', 'cleora.dietrich@example.org', 'e015f6a7385937f5cb7d0f8a4f85c06c94b46054', '89959492030');
INSERT INTO `users` (`id`, `firstname`, `lastname`, `email`, `password_hash`, `phone`) VALUES ('49', 'Ciara', 'O\'Kon', 'citlalli.ebert@example.net', '0cc84a7f0204e0c80648b6d11fd31bfd91d22fc3', '89330980113');
INSERT INTO `users` (`id`, `firstname`, `lastname`, `email`, `password_hash`, `phone`) VALUES ('50', 'Faustino', 'Hayes', 'kayley.mertz@example.net', '6f4d2f10c76a0edafffb6b66a040ab084da1e151', '89252881057');
INSERT INTO `users` (`id`, `firstname`, `lastname`, `email`, `password_hash`, `phone`) VALUES ('51', 'Leora', 'Leannon', 'conor.hegmann@example.com', '99fc25178b40d01501c584a9c1b56929cba2c16b', '89078894974');
INSERT INTO `users` (`id`, `firstname`, `lastname`, `email`, `password_hash`, `phone`) VALUES ('52', 'Audrey', 'Ruecker', 'runolfsdottir.geo@example.com', '72b67c3b4290c068a6c9d9328b3e75cff5977844', '89954904320');
INSERT INTO `users` (`id`, `firstname`, `lastname`, `email`, `password_hash`, `phone`) VALUES ('53', 'Otho', 'Carter', 'twiegand@example.net', 'b07e959eef87820722034b522a55ed31aae3b041', '89925230579');
INSERT INTO `users` (`id`, `firstname`, `lastname`, `email`, `password_hash`, `phone`) VALUES ('54', 'Hardy', 'Homenick', 'santina27@example.net', 'de465bd4a5facf27a47da89d2d07fa13c2fedf86', '89723581788');
INSERT INTO `users` (`id`, `firstname`, `lastname`, `email`, `password_hash`, `phone`) VALUES ('55', 'Ryleigh', 'Lubowitz', 'khegmann@example.org', 'a1b1f90665c308321a3c3c0174eb60b6566ff908', '89812743746');

INSERT INTO `communities` (`id`, `name`, `admin_user_id`) VALUES ('1', 'minus', '1');
INSERT INTO `communities` (`id`, `name`, `admin_user_id`) VALUES ('2', 'voluptatum', '2');
INSERT INTO `communities` (`id`, `name`, `admin_user_id`) VALUES ('3', 'dolorem', '3');
INSERT INTO `communities` (`id`, `name`, `admin_user_id`) VALUES ('4', 'natus', '4');
INSERT INTO `communities` (`id`, `name`, `admin_user_id`) VALUES ('5', 'quaerat', '5');
INSERT INTO `communities` (`id`, `name`, `admin_user_id`) VALUES ('6', 'corporis', '6');
INSERT INTO `communities` (`id`, `name`, `admin_user_id`) VALUES ('7', 'eum', '7');
INSERT INTO `communities` (`id`, `name`, `admin_user_id`) VALUES ('8', 'rerum', '8');
INSERT INTO `communities` (`id`, `name`, `admin_user_id`) VALUES ('9', 'enim', '9');
INSERT INTO `communities` (`id`, `name`, `admin_user_id`) VALUES ('10', 'voluptate', '10');
INSERT INTO `communities` (`id`, `name`, `admin_user_id`) VALUES ('11', 'enim', '11');
INSERT INTO `communities` (`id`, `name`, `admin_user_id`) VALUES ('12', 'dignissimos', '12');
INSERT INTO `communities` (`id`, `name`, `admin_user_id`) VALUES ('13', 'impedit', '13');
INSERT INTO `communities` (`id`, `name`, `admin_user_id`) VALUES ('14', 'voluptatibus', '14');
INSERT INTO `communities` (`id`, `name`, `admin_user_id`) VALUES ('15', 'odit', '15');
INSERT INTO `communities` (`id`, `name`, `admin_user_id`) VALUES ('16', 'alias', '16');
INSERT INTO `communities` (`id`, `name`, `admin_user_id`) VALUES ('17', 'ut', '17');
INSERT INTO `communities` (`id`, `name`, `admin_user_id`) VALUES ('18', 'ut', '18');
INSERT INTO `communities` (`id`, `name`, `admin_user_id`) VALUES ('19', 'et', '19');
INSERT INTO `communities` (`id`, `name`, `admin_user_id`) VALUES ('20', 'vel', '20');
INSERT INTO `communities` (`id`, `name`, `admin_user_id`) VALUES ('21', 'reiciendis', '21');
INSERT INTO `communities` (`id`, `name`, `admin_user_id`) VALUES ('22', 'autem', '22');
INSERT INTO `communities` (`id`, `name`, `admin_user_id`) VALUES ('23', 'dignissimos', '23');
INSERT INTO `communities` (`id`, `name`, `admin_user_id`) VALUES ('24', 'quia', '24');
INSERT INTO `communities` (`id`, `name`, `admin_user_id`) VALUES ('25', 'vel', '25');
INSERT INTO `communities` (`id`, `name`, `admin_user_id`) VALUES ('26', 'odit', '26');
INSERT INTO `communities` (`id`, `name`, `admin_user_id`) VALUES ('27', 'enim', '27');
INSERT INTO `communities` (`id`, `name`, `admin_user_id`) VALUES ('28', 'accusantium', '28');
INSERT INTO `communities` (`id`, `name`, `admin_user_id`) VALUES ('29', 'ut', '29');
INSERT INTO `communities` (`id`, `name`, `admin_user_id`) VALUES ('30', 'vitae', '30');
INSERT INTO `communities` (`id`, `name`, `admin_user_id`) VALUES ('31', 'sed', '31');
INSERT INTO `communities` (`id`, `name`, `admin_user_id`) VALUES ('32', 'ea', '32');
INSERT INTO `communities` (`id`, `name`, `admin_user_id`) VALUES ('33', 'unde', '33');
INSERT INTO `communities` (`id`, `name`, `admin_user_id`) VALUES ('34', 'fuga', '34');
INSERT INTO `communities` (`id`, `name`, `admin_user_id`) VALUES ('35', 'ipsum', '35');
INSERT INTO `communities` (`id`, `name`, `admin_user_id`) VALUES ('36', 'aut', '36');
INSERT INTO `communities` (`id`, `name`, `admin_user_id`) VALUES ('37', 'incidunt', '37');
INSERT INTO `communities` (`id`, `name`, `admin_user_id`) VALUES ('38', 'deleniti', '38');
INSERT INTO `communities` (`id`, `name`, `admin_user_id`) VALUES ('39', 'id', '39');
INSERT INTO `communities` (`id`, `name`, `admin_user_id`) VALUES ('40', 'qui', '40');

INSERT INTO `media_types` (`id`, `name`, `created_at`, `updated_at`) VALUES ('1', 'ea', '1982-08-10 16:37:56', '1993-03-27 20:33:12');
INSERT INTO `media_types` (`id`, `name`, `created_at`, `updated_at`) VALUES ('2', 'cupiditate', '1976-04-07 17:04:50', '1973-09-10 12:31:18');
INSERT INTO `media_types` (`id`, `name`, `created_at`, `updated_at`) VALUES ('3', 'neque', '1989-01-04 12:17:00', '2009-06-05 01:55:23');
INSERT INTO `media_types` (`id`, `name`, `created_at`, `updated_at`) VALUES ('4', 'et', '1977-07-28 04:43:07', '1998-08-08 03:16:10');

INSERT INTO `media` (`id`, `media_type_id`, `user_id`, `body`, `filename`, `size`, `metadata`, `created_at`, `updated_at`) VALUES ('1', '1', '1', 'Eius dolores est et consequuntur rerum autem. Saepe rerum doloremque tenetur odio earum ut molestiae. Est ducimus assumenda eos optio.', 'porro', 340, NULL, '1995-11-10 04:04:37', '1999-09-08 06:32:53');
INSERT INTO `media` (`id`, `media_type_id`, `user_id`, `body`, `filename`, `size`, `metadata`, `created_at`, `updated_at`) VALUES ('2', '2', '2', 'Voluptates qui saepe magni voluptas quisquam est. Aut omnis adipisci ut aut nobis eos. Quos ut rem qui harum inventore veniam. Et excepturi id architecto suscipit iusto veniam distinctio natus.', 'ad', 0, NULL, '1997-06-26 01:41:04', '2007-01-06 21:27:21');
INSERT INTO `media` (`id`, `media_type_id`, `user_id`, `body`, `filename`, `size`, `metadata`, `created_at`, `updated_at`) VALUES ('3', '3', '3', 'Similique consequatur quod earum eius dolor. Est est repudiandae excepturi doloremque. Pariatur dicta laboriosam corrupti in corrupti ut doloribus.', 'ea', 730079187, NULL, '2000-07-15 22:12:04', '1970-06-08 05:42:56');
INSERT INTO `media` (`id`, `media_type_id`, `user_id`, `body`, `filename`, `size`, `metadata`, `created_at`, `updated_at`) VALUES ('4', '4', '4', 'Accusamus quia tempora qui rerum pariatur aut atque. Culpa dolorem aliquid minima numquam sed. Ab dolorum rerum alias nisi. Consequatur nemo eum suscipit. Eos facere molestias est veritatis id.', 'non', 297, NULL, '1991-01-30 18:09:22', '2011-05-07 20:57:05');
INSERT INTO `media` (`id`, `media_type_id`, `user_id`, `body`, `filename`, `size`, `metadata`, `created_at`, `updated_at`) VALUES ('5', '1', '5', 'Quis doloremque sunt voluptas et. Sit et ut dolore est. Necessitatibus enim dolor et.', 'doloribus', 29, NULL, '2015-09-21 14:16:48', '2019-12-02 03:17:42');
INSERT INTO `media` (`id`, `media_type_id`, `user_id`, `body`, `filename`, `size`, `metadata`, `created_at`, `updated_at`) VALUES ('6', '2', '6', 'Debitis similique molestiae nihil quia. Ut excepturi molestiae placeat ea voluptates quibusdam. Fuga explicabo nihil commodi architecto dolore ex eum. Dicta nemo ratione sit a enim quia deleniti quibusdam.', 'sit', 11, NULL, '2003-10-28 14:01:04', '2006-10-04 17:44:48');
INSERT INTO `media` (`id`, `media_type_id`, `user_id`, `body`, `filename`, `size`, `metadata`, `created_at`, `updated_at`) VALUES ('7', '3', '7', 'Placeat vel illum labore nemo nihil corrupti quis. Qui quo dicta quod cumque. Veritatis et fuga quo molestiae tempora quo dolore.', 'sint', 0, NULL, '1970-11-01 04:31:02', '1992-12-28 04:41:39');
INSERT INTO `media` (`id`, `media_type_id`, `user_id`, `body`, `filename`, `size`, `metadata`, `created_at`, `updated_at`) VALUES ('8', '4', '8', 'Nam a officia nihil in minus facilis debitis. Quo nam impedit aliquid eveniet non. Deleniti nostrum distinctio qui molestiae vel necessitatibus tempore neque. Voluptatum ut eius velit necessitatibus voluptatibus aliquid.', 'quaerat', 882672649, NULL, '2004-07-26 19:29:24', '1987-01-17 22:44:32');
INSERT INTO `media` (`id`, `media_type_id`, `user_id`, `body`, `filename`, `size`, `metadata`, `created_at`, `updated_at`) VALUES ('9', '1', '9', 'Harum sit officiis iure voluptates dolorem deserunt harum. Blanditiis voluptatem quod distinctio. Doloribus veniam molestias accusantium consequatur quibusdam. Maiores eaque quia ut mollitia ex.', 'saepe', 733, NULL, '2019-11-14 20:55:48', '1979-09-15 11:12:36');
INSERT INTO `media` (`id`, `media_type_id`, `user_id`, `body`, `filename`, `size`, `metadata`, `created_at`, `updated_at`) VALUES ('10', '2', '10', 'Corrupti et voluptatum officiis eum voluptatum voluptatem quidem. Molestias corporis repellendus natus voluptas necessitatibus corrupti voluptas maxime.', 'consequatur', 547556, NULL, '1976-10-14 12:27:58', '2011-06-18 06:03:29');
INSERT INTO `media` (`id`, `media_type_id`, `user_id`, `body`, `filename`, `size`, `metadata`, `created_at`, `updated_at`) VALUES ('11', '3', '11', 'Saepe rem sit numquam eum aut voluptas velit quisquam. Est reiciendis debitis voluptatem qui. Veniam provident dolore consequuntur et qui.', 'consequuntur', 3, NULL, '1997-02-28 15:05:18', '1987-03-20 16:46:40');
INSERT INTO `media` (`id`, `media_type_id`, `user_id`, `body`, `filename`, `size`, `metadata`, `created_at`, `updated_at`) VALUES ('12', '4', '12', 'Vel ea dolorum voluptatem. Vel eius mollitia ex ex consequuntur. Ad dolores quia autem quisquam consequatur.', 'illum', 39495935, NULL, '2001-01-20 16:27:25', '1997-07-16 18:49:53');
INSERT INTO `media` (`id`, `media_type_id`, `user_id`, `body`, `filename`, `size`, `metadata`, `created_at`, `updated_at`) VALUES ('13', '1', '13', 'Harum sed et nobis nulla totam itaque et qui. Dicta non aut qui asperiores pariatur dicta voluptatem vel. Voluptatem eius aut voluptas nam. Est in nulla qui nihil optio animi suscipit.', 'sed', 0, NULL, '2007-03-11 09:20:52', '2014-08-26 05:44:10');
INSERT INTO `media` (`id`, `media_type_id`, `user_id`, `body`, `filename`, `size`, `metadata`, `created_at`, `updated_at`) VALUES ('14', '2', '14', 'Quod quis inventore nihil quas. Et nostrum qui laboriosam asperiores autem quis. Consequuntur repellendus ratione impedit cupiditate qui.', 'suscipit', 681, NULL, '2002-03-15 07:49:33', '2018-06-27 22:16:39');
INSERT INTO `media` (`id`, `media_type_id`, `user_id`, `body`, `filename`, `size`, `metadata`, `created_at`, `updated_at`) VALUES ('15', '3', '15', 'Qui nemo delectus quo non. Facere quas vel dolores necessitatibus est occaecati. Vitae excepturi atque inventore voluptatem esse.', 'fuga', 337280816, NULL, '1990-03-23 05:23:22', '2017-07-21 19:50:07');
INSERT INTO `media` (`id`, `media_type_id`, `user_id`, `body`, `filename`, `size`, `metadata`, `created_at`, `updated_at`) VALUES ('16', '4', '16', 'Exercitationem culpa voluptatem quam optio. Vel ipsum ipsa ea ut voluptas quibusdam iste. Maxime saepe ut voluptatem omnis nesciunt. Facere aut eum consequatur voluptate placeat.', 'dolorem', 29321, NULL, '1984-02-18 20:05:12', '2006-08-24 17:26:25');
INSERT INTO `media` (`id`, `media_type_id`, `user_id`, `body`, `filename`, `size`, `metadata`, `created_at`, `updated_at`) VALUES ('17', '1', '17', 'Natus beatae eligendi accusantium aliquam et tempore. Eaque tenetur rerum animi dolor qui. Est modi autem quia voluptatibus maxime.', 'sed', 169, NULL, '1989-01-18 17:27:10', '2009-11-19 16:04:43');
INSERT INTO `media` (`id`, `media_type_id`, `user_id`, `body`, `filename`, `size`, `metadata`, `created_at`, `updated_at`) VALUES ('18', '2', '18', 'Vero et omnis non. Odio modi et harum nihil. Beatae minus qui quo recusandae sit eaque.', 'voluptatem', 30, NULL, '1974-12-25 08:24:14', '1995-06-17 06:39:29');
INSERT INTO `media` (`id`, `media_type_id`, `user_id`, `body`, `filename`, `size`, `metadata`, `created_at`, `updated_at`) VALUES ('19', '3', '19', 'Iusto quas voluptatem ut dolore qui qui numquam. Odit harum harum eos. Quas molestiae maxime eos rerum itaque. Et sint et esse itaque. Quam incidunt enim aut quia doloribus.', 'cum', 48661417, NULL, '1985-12-09 16:04:17', '2008-02-04 05:47:40');
INSERT INTO `media` (`id`, `media_type_id`, `user_id`, `body`, `filename`, `size`, `metadata`, `created_at`, `updated_at`) VALUES ('20', '4', '20', 'Qui possimus sequi enim quod tempore voluptas. Est adipisci minima magnam exercitationem cum aut. Et at ullam delectus amet et eaque.', 'aut', 4676, NULL, '1992-02-07 18:12:29', '1987-01-07 15:17:16');
INSERT INTO `media` (`id`, `media_type_id`, `user_id`, `body`, `filename`, `size`, `metadata`, `created_at`, `updated_at`) VALUES ('21', '1', '21', 'Eos sequi quisquam eos est consequuntur. Magni enim quaerat maiores sit rem. Tenetur voluptatibus quia rerum aut quos. Quae ullam rerum neque assumenda esse quisquam quo quasi. Voluptate dolores occaecati tenetur laborum soluta iste perferendis aperiam.', 'aliquam', 7520752, NULL, '2008-03-17 15:28:12', '2014-01-26 11:18:15');
INSERT INTO `media` (`id`, `media_type_id`, `user_id`, `body`, `filename`, `size`, `metadata`, `created_at`, `updated_at`) VALUES ('22', '2', '22', 'Est eius error suscipit perferendis. Consequatur est vel nulla ut.', 'explicabo', 8, NULL, '2018-04-21 16:52:00', '2003-01-25 00:53:00');
INSERT INTO `media` (`id`, `media_type_id`, `user_id`, `body`, `filename`, `size`, `metadata`, `created_at`, `updated_at`) VALUES ('23', '3', '23', 'Dolorem laudantium quod aut dolore rem. Nisi neque qui et ut.', 'omnis', 841869866, NULL, '1972-02-15 05:54:54', '1978-11-28 23:25:19');
INSERT INTO `media` (`id`, `media_type_id`, `user_id`, `body`, `filename`, `size`, `metadata`, `created_at`, `updated_at`) VALUES ('24', '4', '24', 'Ipsum qui iste provident illo voluptatum nulla. Consequuntur est voluptatem fugit excepturi quia ea. Provident quis quia qui iusto sit in consequatur odio.', 'quia', 2633609, NULL, '1973-06-01 05:10:36', '1971-02-13 23:13:58');
INSERT INTO `media` (`id`, `media_type_id`, `user_id`, `body`, `filename`, `size`, `metadata`, `created_at`, `updated_at`) VALUES ('25', '1', '25', 'Minus assumenda minima sint iure iusto. Modi qui at esse aut tempora. Illo enim aperiam dolorem dolores pariatur reprehenderit. Dolorem tempore sit qui quia.', 'et', 0, NULL, '1992-10-17 21:49:18', '2015-08-11 09:57:51');
INSERT INTO `media` (`id`, `media_type_id`, `user_id`, `body`, `filename`, `size`, `metadata`, `created_at`, `updated_at`) VALUES ('26', '2', '26', 'Vero ut impedit et reprehenderit sit molestiae. Aut non ut voluptatem provident molestiae ratione et. Rerum ullam neque enim eum. Voluptatem ut illo minus ea. Quaerat et sit tempore assumenda fuga.', 'aut', 5911718, NULL, '1980-09-12 15:34:34', '2015-10-21 09:41:50');
INSERT INTO `media` (`id`, `media_type_id`, `user_id`, `body`, `filename`, `size`, `metadata`, `created_at`, `updated_at`) VALUES ('27', '3', '27', 'Iusto aut nobis sed quaerat impedit harum architecto dolorem. Vel eveniet qui consequatur voluptatibus fugit blanditiis. Ut sint qui possimus est magnam.', 'facere', 8232479, NULL, '2013-08-23 00:01:40', '1980-05-07 16:12:20');
INSERT INTO `media` (`id`, `media_type_id`, `user_id`, `body`, `filename`, `size`, `metadata`, `created_at`, `updated_at`) VALUES ('28', '4', '28', 'Eos aut reprehenderit temporibus ut repudiandae soluta non dolor. Possimus accusantium consequuntur eum animi vel odit ipsum occaecati. Quae dolores itaque sit reiciendis dolores tempore officiis.', 'sit', 87409669, NULL, '2019-07-25 13:52:24', '1975-07-08 20:59:39');
INSERT INTO `media` (`id`, `media_type_id`, `user_id`, `body`, `filename`, `size`, `metadata`, `created_at`, `updated_at`) VALUES ('29', '1', '29', 'Aliquam perspiciatis culpa assumenda inventore sint aut. Sed architecto consequatur fugiat. Provident quia sed provident rem qui nam et. Qui id nobis pariatur eum maxime velit.', 'qui', 386838962, NULL, '1981-12-12 00:41:59', '1989-12-12 11:50:03');
INSERT INTO `media` (`id`, `media_type_id`, `user_id`, `body`, `filename`, `size`, `metadata`, `created_at`, `updated_at`) VALUES ('30', '2', '30', 'Sunt a rerum officia sed quisquam omnis. Nobis beatae adipisci dolor natus. Illo et aut aut quis distinctio. Voluptatem numquam cupiditate modi et quam maxime voluptatem. Repellat sit non voluptatum est voluptates doloremque.', 'quo', 2285, NULL, '1975-04-09 02:38:53', '2018-01-01 14:52:02');
INSERT INTO `media` (`id`, `media_type_id`, `user_id`, `body`, `filename`, `size`, `metadata`, `created_at`, `updated_at`) VALUES ('31', '3', '31', 'Sed impedit nihil et ut. Commodi consequatur et omnis. Ut voluptas rerum dignissimos rerum non ut. Natus non iusto labore magnam molestiae voluptatem.', 'incidunt', 7563244, NULL, '2020-01-25 15:11:40', '1995-06-26 19:39:35');
INSERT INTO `media` (`id`, `media_type_id`, `user_id`, `body`, `filename`, `size`, `metadata`, `created_at`, `updated_at`) VALUES ('32', '4', '32', 'Voluptates sint non eaque et dicta itaque enim sequi. Quia in fugit omnis. Maiores non accusantium tenetur officiis. Velit qui excepturi consequatur quae voluptatem.', 'omnis', 39913701, NULL, '2012-02-16 22:19:11', '1973-11-05 22:42:32');
INSERT INTO `media` (`id`, `media_type_id`, `user_id`, `body`, `filename`, `size`, `metadata`, `created_at`, `updated_at`) VALUES ('33', '1', '33', 'Qui in illo eum molestiae incidunt et voluptatem nostrum. Magnam atque qui quibusdam esse magni. Esse impedit ex inventore totam consectetur.', 'ab', 0, NULL, '1987-02-27 08:10:31', '1986-06-10 15:43:59');
INSERT INTO `media` (`id`, `media_type_id`, `user_id`, `body`, `filename`, `size`, `metadata`, `created_at`, `updated_at`) VALUES ('34', '2', '34', 'Consequuntur porro culpa quia et modi pariatur iusto. Dolorum ipsum animi soluta. Vitae aspernatur voluptatem modi minima libero sint. Excepturi natus magni sint. Magni quas est dolorem.', 'quo', 269476409, NULL, '2011-01-09 06:47:09', '2009-10-22 10:19:09');
INSERT INTO `media` (`id`, `media_type_id`, `user_id`, `body`, `filename`, `size`, `metadata`, `created_at`, `updated_at`) VALUES ('35', '3', '35', 'Quos placeat ad est nesciunt maiores. Tempore qui laudantium ea natus id deleniti enim velit. Aut corporis ad et quia quam quis fugiat.', 'adipisci', 9337, NULL, '2009-10-21 11:01:15', '1996-03-02 02:21:59');
INSERT INTO `media` (`id`, `media_type_id`, `user_id`, `body`, `filename`, `size`, `metadata`, `created_at`, `updated_at`) VALUES ('36', '4', '36', 'Ipsam aut placeat adipisci totam odit accusantium quod. Voluptatum tempora autem aut et et hic ea. Dolorem est ipsam non asperiores recusandae sed.', 'quam', 2546386, NULL, '2014-03-17 10:48:08', '1971-02-22 15:15:59');
INSERT INTO `media` (`id`, `media_type_id`, `user_id`, `body`, `filename`, `size`, `metadata`, `created_at`, `updated_at`) VALUES ('37', '1', '37', 'Esse mollitia nam quae voluptates quo qui libero velit. Quae quas tempore ab ut aliquam et quo. Qui ullam quisquam odit expedita voluptatem exercitationem mollitia.', 'debitis', 856486, NULL, '1987-11-24 21:51:48', '2014-03-21 15:59:27');
INSERT INTO `media` (`id`, `media_type_id`, `user_id`, `body`, `filename`, `size`, `metadata`, `created_at`, `updated_at`) VALUES ('38', '2', '38', 'Voluptate aut ducimus aut blanditiis. Voluptate ipsum magni dolor. Pariatur et eaque est officia deleniti qui.', 'repellendus', 731, NULL, '1987-07-27 23:03:55', '1982-03-29 11:51:29');
INSERT INTO `media` (`id`, `media_type_id`, `user_id`, `body`, `filename`, `size`, `metadata`, `created_at`, `updated_at`) VALUES ('39', '3', '39', 'Sint voluptatibus sit harum aut. Qui aut aspernatur molestias perferendis temporibus. Aliquid enim et natus nobis nulla id quaerat ut. Atque quasi facilis aliquam.', 'magnam', 4023, NULL, '2010-08-04 14:57:35', '1989-08-01 05:12:30');
INSERT INTO `media` (`id`, `media_type_id`, `user_id`, `body`, `filename`, `size`, `metadata`, `created_at`, `updated_at`) VALUES ('40', '4', '40', 'Accusantium nesciunt explicabo numquam labore est voluptatem. Magni eius blanditiis perspiciatis. Et accusantium quae est numquam sed.', 'quidem', 4995572, NULL, '2001-12-09 22:13:39', '1987-06-07 12:48:01');
INSERT INTO `media` (`id`, `media_type_id`, `user_id`, `body`, `filename`, `size`, `metadata`, `created_at`, `updated_at`) VALUES ('41', '1', '41', 'Nemo veniam ut error porro ex. Laborum corrupti expedita provident voluptas dignissimos soluta sapiente quibusdam. Pariatur quibusdam est porro provident consectetur. In reprehenderit dolores consectetur quam sequi ad.', 'quibusdam', 846, NULL, '1997-12-18 07:24:11', '1970-05-11 19:40:38');
INSERT INTO `media` (`id`, `media_type_id`, `user_id`, `body`, `filename`, `size`, `metadata`, `created_at`, `updated_at`) VALUES ('42', '2', '42', 'Quibusdam earum eos sunt iure. Nostrum eius sed quis veniam et labore ut. Et suscipit at id sit voluptatum.', 'suscipit', 19151427, NULL, '1975-02-12 10:27:06', '2017-11-11 09:07:28');
INSERT INTO `media` (`id`, `media_type_id`, `user_id`, `body`, `filename`, `size`, `metadata`, `created_at`, `updated_at`) VALUES ('43', '3', '43', 'Blanditiis dignissimos vitae voluptatem ipsa voluptate velit. Nobis et velit optio a et et mollitia. Exercitationem aut molestias nemo eveniet quasi beatae laborum. Ad dolor optio nihil iste odio et dicta aspernatur.', 'unde', 9242599, NULL, '1997-12-19 13:42:13', '1974-08-16 04:32:21');
INSERT INTO `media` (`id`, `media_type_id`, `user_id`, `body`, `filename`, `size`, `metadata`, `created_at`, `updated_at`) VALUES ('44', '4', '44', 'Officiis voluptatum veniam vitae voluptas aspernatur dolorem. Aut rerum qui laborum sunt. Magnam inventore ut aut.', 'ut', 263465704, NULL, '2008-06-19 15:42:32', '2015-03-13 21:05:16');
INSERT INTO `media` (`id`, `media_type_id`, `user_id`, `body`, `filename`, `size`, `metadata`, `created_at`, `updated_at`) VALUES ('45', '1', '45', 'Veritatis error quia et itaque. Soluta corrupti tenetur ut aperiam eos sit architecto ut. Reiciendis vero suscipit iste velit et aut. Aut quia illum fugiat magni rerum ipsa officia omnis.', 'alias', 666856488, NULL, '1984-12-02 17:59:50', '1986-07-25 13:54:36');
INSERT INTO `media` (`id`, `media_type_id`, `user_id`, `body`, `filename`, `size`, `metadata`, `created_at`, `updated_at`) VALUES ('46', '2', '46', 'Aut commodi iste repellat est quae. Consequuntur itaque fugiat dicta sit. Quam voluptas at et necessitatibus reiciendis. Dicta hic magni accusantium quidem aspernatur ut.', 'excepturi', 493598, NULL, '1970-07-27 21:19:51', '2005-06-29 09:16:54');
INSERT INTO `media` (`id`, `media_type_id`, `user_id`, `body`, `filename`, `size`, `metadata`, `created_at`, `updated_at`) VALUES ('47', '3', '47', 'Molestiae sit deleniti distinctio quo aut quisquam sunt minima. Voluptatibus consequuntur dicta exercitationem nobis earum et natus. Qui tempore sit velit.', 'sunt', 8790171, NULL, '2017-09-13 12:40:00', '2010-04-26 11:18:09');
INSERT INTO `media` (`id`, `media_type_id`, `user_id`, `body`, `filename`, `size`, `metadata`, `created_at`, `updated_at`) VALUES ('48', '4', '48', 'Dignissimos eos laborum delectus. Ullam facilis dolorum voluptatem asperiores.', 'aspernatur', 129243346, NULL, '1973-03-09 18:43:10', '1990-07-03 13:25:18');
INSERT INTO `media` (`id`, `media_type_id`, `user_id`, `body`, `filename`, `size`, `metadata`, `created_at`, `updated_at`) VALUES ('49', '1', '49', 'Amet porro consectetur explicabo at unde. Corporis ut ipsa quaerat natus facilis. Voluptas aperiam minus et nulla facere inventore voluptatem.', 'nam', 357503355, NULL, '1998-09-17 10:05:17', '2019-10-03 10:28:19');
INSERT INTO `media` (`id`, `media_type_id`, `user_id`, `body`, `filename`, `size`, `metadata`, `created_at`, `updated_at`) VALUES ('50', '2', '50', 'Consequatur quia error similique sed earum sit. Labore neque quam eaque ut. Modi modi iure est iure reprehenderit id consectetur.', 'quibusdam', 8204229, NULL, '2013-03-02 07:21:12', '1992-08-20 11:54:17');
INSERT INTO `media` (`id`, `media_type_id`, `user_id`, `body`, `filename`, `size`, `metadata`, `created_at`, `updated_at`) VALUES ('51', '3', '51', 'Rerum molestias sit enim eum. Quam aut et aut sequi. Iusto iure eius excepturi odio explicabo maiores. Sit aut odio et sunt voluptas sint velit.', 'assumenda', 675925971, NULL, '2013-04-12 16:23:22', '2008-11-07 17:21:19');
INSERT INTO `media` (`id`, `media_type_id`, `user_id`, `body`, `filename`, `size`, `metadata`, `created_at`, `updated_at`) VALUES ('52', '4', '52', 'Maxime voluptatem qui sit sed repellat. Architecto aliquam dignissimos ipsa explicabo molestiae numquam. Aliquid ab a perferendis delectus. Placeat fugiat at aut.', 'odit', 0, NULL, '2010-02-18 00:47:16', '1970-07-03 23:20:30');
INSERT INTO `media` (`id`, `media_type_id`, `user_id`, `body`, `filename`, `size`, `metadata`, `created_at`, `updated_at`) VALUES ('53', '1', '53', 'Quia amet voluptas voluptas sit porro. Delectus vitae id exercitationem repellat id. Non hic quis qui sed quia repellat eveniet officia. Dolorem deleniti nam nobis omnis eaque.', 'voluptate', 26, NULL, '2013-12-20 17:33:29', '1997-03-08 01:03:33');
INSERT INTO `media` (`id`, `media_type_id`, `user_id`, `body`, `filename`, `size`, `metadata`, `created_at`, `updated_at`) VALUES ('54', '2', '54', 'Libero facilis enim aut necessitatibus. Nihil enim non commodi rerum unde. Itaque velit autem voluptas sed.', 'dolores', 0, NULL, '1995-09-30 18:37:28', '2016-08-18 15:43:06');
INSERT INTO `media` (`id`, `media_type_id`, `user_id`, `body`, `filename`, `size`, `metadata`, `created_at`, `updated_at`) VALUES ('55', '3', '55', 'Perferendis accusantium dicta alias molestiae praesentium tenetur. Dolorum sunt ullam rerum. Qui tempore aut nihil sint voluptates sunt cum. Illo dolores eum non minima possimus. Accusantium quo possimus exercitationem commodi deleniti suscipit rem.', 'dicta', 5841, NULL, '2014-01-01 12:36:58', '1988-04-10 06:58:31');

INSERT INTO `likes` (`id`, `user_id`, `media_id`, `created_at`) VALUES ('1', '1', '1', '2013-12-03 06:27:19');
INSERT INTO `likes` (`id`, `user_id`, `media_id`, `created_at`) VALUES ('2', '2', '2', '2017-11-11 08:31:12');
INSERT INTO `likes` (`id`, `user_id`, `media_id`, `created_at`) VALUES ('3', '3', '3', '1982-02-01 16:46:53');
INSERT INTO `likes` (`id`, `user_id`, `media_id`, `created_at`) VALUES ('4', '4', '4', '1996-08-05 23:09:31');
INSERT INTO `likes` (`id`, `user_id`, `media_id`, `created_at`) VALUES ('5', '5', '5', '1975-09-21 23:05:28');
INSERT INTO `likes` (`id`, `user_id`, `media_id`, `created_at`) VALUES ('6', '6', '6', '1978-07-02 09:27:46');
INSERT INTO `likes` (`id`, `user_id`, `media_id`, `created_at`) VALUES ('7', '7', '7', '1973-09-18 02:36:36');
INSERT INTO `likes` (`id`, `user_id`, `media_id`, `created_at`) VALUES ('8', '8', '8', '2009-12-09 08:02:30');
INSERT INTO `likes` (`id`, `user_id`, `media_id`, `created_at`) VALUES ('9', '9', '9', '1986-02-04 03:01:55');
INSERT INTO `likes` (`id`, `user_id`, `media_id`, `created_at`) VALUES ('10', '10', '10', '1997-11-23 08:32:31');
INSERT INTO `likes` (`id`, `user_id`, `media_id`, `created_at`) VALUES ('11', '11', '11', '1971-10-13 00:27:16');
INSERT INTO `likes` (`id`, `user_id`, `media_id`, `created_at`) VALUES ('12', '12', '12', '1970-08-19 15:15:24');
INSERT INTO `likes` (`id`, `user_id`, `media_id`, `created_at`) VALUES ('13', '13', '13', '1975-11-12 21:52:39');
INSERT INTO `likes` (`id`, `user_id`, `media_id`, `created_at`) VALUES ('14', '14', '14', '1990-09-17 20:12:13');
INSERT INTO `likes` (`id`, `user_id`, `media_id`, `created_at`) VALUES ('15', '15', '15', '2020-05-14 15:55:42');
INSERT INTO `likes` (`id`, `user_id`, `media_id`, `created_at`) VALUES ('16', '16', '16', '1985-10-13 17:16:54');
INSERT INTO `likes` (`id`, `user_id`, `media_id`, `created_at`) VALUES ('17', '17', '17', '2009-12-19 13:42:41');
INSERT INTO `likes` (`id`, `user_id`, `media_id`, `created_at`) VALUES ('18', '18', '18', '2000-07-14 07:30:45');
INSERT INTO `likes` (`id`, `user_id`, `media_id`, `created_at`) VALUES ('19', '19', '19', '1985-04-17 03:45:14');
INSERT INTO `likes` (`id`, `user_id`, `media_id`, `created_at`) VALUES ('20', '20', '20', '1988-07-12 03:23:47');
INSERT INTO `likes` (`id`, `user_id`, `media_id`, `created_at`) VALUES ('21', '21', '21', '2015-12-07 16:50:17');
INSERT INTO `likes` (`id`, `user_id`, `media_id`, `created_at`) VALUES ('22', '22', '22', '2008-12-24 18:55:42');
INSERT INTO `likes` (`id`, `user_id`, `media_id`, `created_at`) VALUES ('23', '23', '23', '2013-12-22 17:05:47');
INSERT INTO `likes` (`id`, `user_id`, `media_id`, `created_at`) VALUES ('24', '24', '24', '1972-09-21 17:51:52');
INSERT INTO `likes` (`id`, `user_id`, `media_id`, `created_at`) VALUES ('25', '25', '25', '1986-11-16 06:10:12');
INSERT INTO `likes` (`id`, `user_id`, `media_id`, `created_at`) VALUES ('26', '26', '26', '1971-08-27 16:14:35');
INSERT INTO `likes` (`id`, `user_id`, `media_id`, `created_at`) VALUES ('27', '27', '27', '1998-09-04 21:57:55');
INSERT INTO `likes` (`id`, `user_id`, `media_id`, `created_at`) VALUES ('28', '28', '28', '1984-01-07 03:42:53');
INSERT INTO `likes` (`id`, `user_id`, `media_id`, `created_at`) VALUES ('29', '29', '29', '2014-01-23 02:44:34');
INSERT INTO `likes` (`id`, `user_id`, `media_id`, `created_at`) VALUES ('30', '30', '30', '2003-05-11 18:12:02');
INSERT INTO `likes` (`id`, `user_id`, `media_id`, `created_at`) VALUES ('31', '31', '31', '2008-03-27 01:04:33');
INSERT INTO `likes` (`id`, `user_id`, `media_id`, `created_at`) VALUES ('32', '32', '32', '2011-06-11 20:52:37');
INSERT INTO `likes` (`id`, `user_id`, `media_id`, `created_at`) VALUES ('33', '33', '33', '1970-05-10 22:47:00');
INSERT INTO `likes` (`id`, `user_id`, `media_id`, `created_at`) VALUES ('34', '34', '34', '2007-06-16 13:11:36');
INSERT INTO `likes` (`id`, `user_id`, `media_id`, `created_at`) VALUES ('35', '35', '35', '2008-01-22 08:20:50');
INSERT INTO `likes` (`id`, `user_id`, `media_id`, `created_at`) VALUES ('36', '36', '36', '1998-06-20 16:11:27');
INSERT INTO `likes` (`id`, `user_id`, `media_id`, `created_at`) VALUES ('37', '37', '37', '2000-04-09 21:46:29');
INSERT INTO `likes` (`id`, `user_id`, `media_id`, `created_at`) VALUES ('38', '38', '38', '1994-07-11 23:03:50');
INSERT INTO `likes` (`id`, `user_id`, `media_id`, `created_at`) VALUES ('39', '39', '39', '2018-12-19 15:17:05');
INSERT INTO `likes` (`id`, `user_id`, `media_id`, `created_at`) VALUES ('40', '40', '40', '2007-06-02 02:10:06');
INSERT INTO `likes` (`id`, `user_id`, `media_id`, `created_at`) VALUES ('41', '41', '41', '2014-07-28 22:10:07');
INSERT INTO `likes` (`id`, `user_id`, `media_id`, `created_at`) VALUES ('42', '42', '42', '1998-03-16 01:11:06');
INSERT INTO `likes` (`id`, `user_id`, `media_id`, `created_at`) VALUES ('43', '43', '43', '1992-01-22 18:00:16');
INSERT INTO `likes` (`id`, `user_id`, `media_id`, `created_at`) VALUES ('44', '44', '44', '1995-04-03 23:29:48');
INSERT INTO `likes` (`id`, `user_id`, `media_id`, `created_at`) VALUES ('45', '45', '45', '1997-11-27 15:49:36');
INSERT INTO `likes` (`id`, `user_id`, `media_id`, `created_at`) VALUES ('46', '46', '46', '1997-03-05 10:49:30');
INSERT INTO `likes` (`id`, `user_id`, `media_id`, `created_at`) VALUES ('47', '47', '47', '2015-02-11 17:04:52');
INSERT INTO `likes` (`id`, `user_id`, `media_id`, `created_at`) VALUES ('48', '48', '48', '2006-11-24 17:20:06');
INSERT INTO `likes` (`id`, `user_id`, `media_id`, `created_at`) VALUES ('49', '49', '49', '1997-08-28 04:02:30');
INSERT INTO `likes` (`id`, `user_id`, `media_id`, `created_at`) VALUES ('50', '50', '50', '2008-06-03 19:40:28');
INSERT INTO `likes` (`id`, `user_id`, `media_id`, `created_at`) VALUES ('51', '51', '51', '2011-01-14 13:32:48');
INSERT INTO `likes` (`id`, `user_id`, `media_id`, `created_at`) VALUES ('52', '52', '52', '1989-03-13 18:59:45');
INSERT INTO `likes` (`id`, `user_id`, `media_id`, `created_at`) VALUES ('53', '53', '53', '1989-11-18 02:34:33');
INSERT INTO `likes` (`id`, `user_id`, `media_id`, `created_at`) VALUES ('54', '54', '54', '1981-03-09 11:03:05');
INSERT INTO `likes` (`id`, `user_id`, `media_id`, `created_at`) VALUES ('55', '55', '55', '2018-12-09 18:03:01');
INSERT INTO `likes` (`id`, `user_id`, `media_id`, `created_at`) VALUES ('56', '1', '1', '1982-11-06 16:04:48');
INSERT INTO `likes` (`id`, `user_id`, `media_id`, `created_at`) VALUES ('57', '2', '2', '2009-02-19 05:49:42');
INSERT INTO `likes` (`id`, `user_id`, `media_id`, `created_at`) VALUES ('58', '3', '3', '1972-03-09 03:29:09');
INSERT INTO `likes` (`id`, `user_id`, `media_id`, `created_at`) VALUES ('59', '4', '4', '1982-09-08 11:53:42');
INSERT INTO `likes` (`id`, `user_id`, `media_id`, `created_at`) VALUES ('60', '5', '5', '2016-09-07 20:09:34');
INSERT INTO `likes` (`id`, `user_id`, `media_id`, `created_at`) VALUES ('61', '6', '6', '1970-03-20 21:55:03');
INSERT INTO `likes` (`id`, `user_id`, `media_id`, `created_at`) VALUES ('62', '7', '7', '1985-01-12 00:48:30');
INSERT INTO `likes` (`id`, `user_id`, `media_id`, `created_at`) VALUES ('63', '8', '8', '2007-09-17 15:45:25');
INSERT INTO `likes` (`id`, `user_id`, `media_id`, `created_at`) VALUES ('64', '9', '9', '1980-03-24 23:01:40');
INSERT INTO `likes` (`id`, `user_id`, `media_id`, `created_at`) VALUES ('65', '10', '10', '1990-07-26 14:03:48');
INSERT INTO `likes` (`id`, `user_id`, `media_id`, `created_at`) VALUES ('66', '11', '11', '2000-09-30 16:20:35');
INSERT INTO `likes` (`id`, `user_id`, `media_id`, `created_at`) VALUES ('67', '12', '12', '1970-11-06 03:59:57');
INSERT INTO `likes` (`id`, `user_id`, `media_id`, `created_at`) VALUES ('68', '13', '13', '2016-12-01 22:24:30');
INSERT INTO `likes` (`id`, `user_id`, `media_id`, `created_at`) VALUES ('69', '14', '14', '2011-03-03 17:12:06');
INSERT INTO `likes` (`id`, `user_id`, `media_id`, `created_at`) VALUES ('70', '15', '15', '1983-07-05 16:30:44');
INSERT INTO `likes` (`id`, `user_id`, `media_id`, `created_at`) VALUES ('71', '16', '16', '1997-07-03 01:56:44');
INSERT INTO `likes` (`id`, `user_id`, `media_id`, `created_at`) VALUES ('72', '17', '17', '1986-05-28 19:20:45');
INSERT INTO `likes` (`id`, `user_id`, `media_id`, `created_at`) VALUES ('73', '18', '18', '1973-02-28 16:52:44');
INSERT INTO `likes` (`id`, `user_id`, `media_id`, `created_at`) VALUES ('74', '19', '19', '2012-06-26 04:21:56');
INSERT INTO `likes` (`id`, `user_id`, `media_id`, `created_at`) VALUES ('75', '20', '20', '1997-08-24 02:31:34');
INSERT INTO `likes` (`id`, `user_id`, `media_id`, `created_at`) VALUES ('76', '21', '21', '1981-09-17 16:52:39');
INSERT INTO `likes` (`id`, `user_id`, `media_id`, `created_at`) VALUES ('77', '22', '22', '2014-06-05 20:03:20');
INSERT INTO `likes` (`id`, `user_id`, `media_id`, `created_at`) VALUES ('78', '23', '23', '2004-03-06 07:08:53');
INSERT INTO `likes` (`id`, `user_id`, `media_id`, `created_at`) VALUES ('79', '24', '24', '2000-12-26 03:26:54');
INSERT INTO `likes` (`id`, `user_id`, `media_id`, `created_at`) VALUES ('80', '25', '25', '2020-02-06 17:51:59');
INSERT INTO `likes` (`id`, `user_id`, `media_id`, `created_at`) VALUES ('81', '26', '26', '1977-08-29 03:02:23');
INSERT INTO `likes` (`id`, `user_id`, `media_id`, `created_at`) VALUES ('82', '27', '27', '1975-02-23 19:32:23');
INSERT INTO `likes` (`id`, `user_id`, `media_id`, `created_at`) VALUES ('83', '28', '28', '1988-09-11 07:28:09');
INSERT INTO `likes` (`id`, `user_id`, `media_id`, `created_at`) VALUES ('84', '29', '29', '1987-07-18 18:17:13');
INSERT INTO `likes` (`id`, `user_id`, `media_id`, `created_at`) VALUES ('85', '30', '30', '1999-05-07 22:24:52');
INSERT INTO `likes` (`id`, `user_id`, `media_id`, `created_at`) VALUES ('86', '31', '31', '1993-12-01 13:38:45');
INSERT INTO `likes` (`id`, `user_id`, `media_id`, `created_at`) VALUES ('87', '32', '32', '2013-05-29 20:55:12');
INSERT INTO `likes` (`id`, `user_id`, `media_id`, `created_at`) VALUES ('88', '33', '33', '2008-08-17 20:20:58');
INSERT INTO `likes` (`id`, `user_id`, `media_id`, `created_at`) VALUES ('89', '34', '34', '2004-02-27 16:52:30');
INSERT INTO `likes` (`id`, `user_id`, `media_id`, `created_at`) VALUES ('90', '35', '35', '2014-09-04 07:39:50');
INSERT INTO `likes` (`id`, `user_id`, `media_id`, `created_at`) VALUES ('91', '36', '36', '2019-10-31 14:35:53');
INSERT INTO `likes` (`id`, `user_id`, `media_id`, `created_at`) VALUES ('92', '37', '37', '2014-11-19 20:51:17');
INSERT INTO `likes` (`id`, `user_id`, `media_id`, `created_at`) VALUES ('93', '38', '38', '1971-04-04 07:59:02');
INSERT INTO `likes` (`id`, `user_id`, `media_id`, `created_at`) VALUES ('94', '39', '39', '1979-07-09 01:42:24');
INSERT INTO `likes` (`id`, `user_id`, `media_id`, `created_at`) VALUES ('95', '40', '40', '1988-10-15 16:45:07');
INSERT INTO `likes` (`id`, `user_id`, `media_id`, `created_at`) VALUES ('96', '41', '41', '1972-07-28 16:01:00');
INSERT INTO `likes` (`id`, `user_id`, `media_id`, `created_at`) VALUES ('97', '42', '42', '1999-12-23 20:48:56');
INSERT INTO `likes` (`id`, `user_id`, `media_id`, `created_at`) VALUES ('98', '43', '43', '2003-01-31 16:54:03');
INSERT INTO `likes` (`id`, `user_id`, `media_id`, `created_at`) VALUES ('99', '44', '44', '1997-01-22 08:21:55');
INSERT INTO `likes` (`id`, `user_id`, `media_id`, `created_at`) VALUES ('100', '45', '45', '1997-12-28 13:08:43');

INSERT INTO `messages` (`id`, `from_user_id`, `to_user_id`, `body`, `created_at`) VALUES ('1', '1', '1', 'Minus possimus laborum et sequi fugit dolorum. Porro autem in delectus amet ipsum dolores saepe labore. Repudiandae id aliquam qui enim eligendi nihil quo. Qui molestiae voluptatem enim ipsa.', '2009-06-01 16:33:40');
INSERT INTO `messages` (`id`, `from_user_id`, `to_user_id`, `body`, `created_at`) VALUES ('2', '2', '2', 'Dicta accusamus mollitia dolorum deserunt deserunt consequuntur. Harum earum nesciunt non nisi quam illum. Quia perferendis dignissimos neque omnis ut. Consequatur ea minima minus repellat dolor sit sed.', '2017-06-20 07:52:47');
INSERT INTO `messages` (`id`, `from_user_id`, `to_user_id`, `body`, `created_at`) VALUES ('3', '3', '3', 'Qui totam id voluptatem. Mollitia vel illum non architecto eius. Quod fuga et veniam distinctio praesentium.', '2004-06-09 21:36:42');
INSERT INTO `messages` (`id`, `from_user_id`, `to_user_id`, `body`, `created_at`) VALUES ('4', '4', '4', 'Tempore hic asperiores et magni rerum dolore. Fugiat aperiam quas sunt porro velit. Et labore iure praesentium aliquid nihil.', '1999-03-15 18:05:04');
INSERT INTO `messages` (`id`, `from_user_id`, `to_user_id`, `body`, `created_at`) VALUES ('5', '5', '5', 'Amet ut officia ipsam facilis consectetur laborum. Eaque non et non rerum aut itaque laborum et. Ea eaque et quasi aperiam natus rem consequatur. Aut repellat optio sed qui corporis vitae ducimus quae.', '1997-09-24 22:12:21');
INSERT INTO `messages` (`id`, `from_user_id`, `to_user_id`, `body`, `created_at`) VALUES ('6', '6', '6', 'Illum ut modi consequatur eos quia et. Numquam fugit vel totam quae et vel. Deleniti quasi consequatur natus et aspernatur voluptas neque.', '1998-10-28 20:02:02');
INSERT INTO `messages` (`id`, `from_user_id`, `to_user_id`, `body`, `created_at`) VALUES ('7', '7', '7', 'Saepe ratione harum officiis. Est necessitatibus voluptatem incidunt placeat eius qui aut cupiditate.', '2007-09-13 22:43:39');
INSERT INTO `messages` (`id`, `from_user_id`, `to_user_id`, `body`, `created_at`) VALUES ('8', '8', '8', 'Corporis quos natus enim temporibus aut quia. Soluta asperiores facere voluptatem asperiores corporis temporibus. Aliquid in reprehenderit nostrum blanditiis ipsum et. Est ad accusantium eum in quidem quo temporibus.', '1993-04-02 05:30:47');
INSERT INTO `messages` (`id`, `from_user_id`, `to_user_id`, `body`, `created_at`) VALUES ('9', '9', '9', 'Qui ipsam voluptatem qui. Placeat tenetur officiis accusamus debitis incidunt. Modi repudiandae qui pariatur exercitationem numquam voluptatem ut. Et sit omnis quis iusto fuga id quasi.', '1990-11-22 16:40:05');
INSERT INTO `messages` (`id`, `from_user_id`, `to_user_id`, `body`, `created_at`) VALUES ('10', '10', '10', 'Rerum dolor incidunt rerum et. Ratione nisi quod deserunt in pariatur repellendus illo dolores. Animi necessitatibus soluta quia. Perspiciatis voluptates nemo rem error vel eveniet est. Aut ut natus cupiditate ad temporibus excepturi minus.', '1982-01-17 06:42:19');
INSERT INTO `messages` (`id`, `from_user_id`, `to_user_id`, `body`, `created_at`) VALUES ('11', '11', '11', 'Incidunt sed ut dignissimos eos sed rerum alias ullam. Exercitationem praesentium quisquam iusto voluptates. Iste voluptate explicabo accusantium alias.', '2001-02-22 22:14:39');
INSERT INTO `messages` (`id`, `from_user_id`, `to_user_id`, `body`, `created_at`) VALUES ('12', '12', '12', 'Voluptatem nesciunt est ipsam aspernatur dolorem. Harum qui magnam quidem rerum alias. Veritatis nihil architecto nemo ullam maxime possimus.', '1985-01-09 18:22:16');
INSERT INTO `messages` (`id`, `from_user_id`, `to_user_id`, `body`, `created_at`) VALUES ('13', '13', '13', 'Est dolores voluptatem est quisquam mollitia. Repellendus et distinctio qui consequuntur quia fuga. Voluptatem quasi dignissimos dolorem nostrum aut quo et.', '1985-11-19 16:55:53');
INSERT INTO `messages` (`id`, `from_user_id`, `to_user_id`, `body`, `created_at`) VALUES ('14', '14', '14', 'Sint ab nostrum amet repellat pariatur. Ut at voluptate necessitatibus ea. Fuga at eaque et est voluptatem saepe mollitia. Recusandae ipsum quas et error.', '1994-11-18 10:05:51');
INSERT INTO `messages` (`id`, `from_user_id`, `to_user_id`, `body`, `created_at`) VALUES ('15', '15', '15', 'Aut aliquam sit est soluta repellat reprehenderit. Dolorem suscipit ipsum modi asperiores maxime quidem alias. Quae voluptatem itaque ex esse facere perspiciatis vitae ut.', '1997-12-27 18:56:43');
INSERT INTO `messages` (`id`, `from_user_id`, `to_user_id`, `body`, `created_at`) VALUES ('16', '16', '16', 'Earum voluptate et sed distinctio autem eos. Quis nemo et id quas velit qui qui. Aliquid molestiae quas non explicabo quaerat. Eos aut iusto vitae qui.', '1972-12-08 20:44:05');
INSERT INTO `messages` (`id`, `from_user_id`, `to_user_id`, `body`, `created_at`) VALUES ('17', '17', '17', 'Eos cum est vel. Officia delectus corrupti id tempore officia alias. Consectetur veritatis ipsam animi quidem ea rerum et. Neque unde quidem sit dolor quo.', '2000-05-12 07:00:15');
INSERT INTO `messages` (`id`, `from_user_id`, `to_user_id`, `body`, `created_at`) VALUES ('18', '18', '18', 'Cumque voluptatem dolore in cupiditate fugiat atque assumenda. Saepe voluptatem inventore iste aut sint sit. Accusamus porro perferendis repellat dignissimos est aut molestiae.', '1991-01-14 16:41:23');
INSERT INTO `messages` (`id`, `from_user_id`, `to_user_id`, `body`, `created_at`) VALUES ('19', '19', '19', 'Facere est rerum illo perspiciatis. Qui explicabo sunt modi consequatur. Officia vel praesentium nesciunt et dolorem.', '1993-05-23 07:32:40');
INSERT INTO `messages` (`id`, `from_user_id`, `to_user_id`, `body`, `created_at`) VALUES ('20', '20', '20', 'Consequatur unde aut aut doloribus natus quia. Aut inventore possimus illo est aspernatur dolor. Ut cupiditate eum quam debitis repellendus. Sit molestiae aperiam ut et vitae veritatis quo quia.', '2009-05-06 04:37:38');
INSERT INTO `messages` (`id`, `from_user_id`, `to_user_id`, `body`, `created_at`) VALUES ('21', '21', '21', 'Labore dolores qui ad voluptatum aliquam consequatur doloribus. Aut et aut illum. Enim perspiciatis necessitatibus quam esse natus repellat.', '2002-04-15 03:54:29');
INSERT INTO `messages` (`id`, `from_user_id`, `to_user_id`, `body`, `created_at`) VALUES ('22', '22', '22', 'Enim consectetur alias eum ex perspiciatis eos autem. Nihil magnam id velit beatae dolor mollitia.', '1972-01-22 23:25:45');
INSERT INTO `messages` (`id`, `from_user_id`, `to_user_id`, `body`, `created_at`) VALUES ('23', '23', '23', 'Facere voluptatibus officiis occaecati labore. Ut quisquam ut atque aut. Provident qui id ut voluptatibus.', '1981-11-28 05:58:24');
INSERT INTO `messages` (`id`, `from_user_id`, `to_user_id`, `body`, `created_at`) VALUES ('24', '24', '24', 'Sed sed quia temporibus dolorem exercitationem fugiat. Dolore id eligendi consequuntur non quibusdam earum culpa. Omnis necessitatibus qui voluptate maxime inventore. Sint architecto odio expedita enim.', '2000-09-04 15:16:58');
INSERT INTO `messages` (`id`, `from_user_id`, `to_user_id`, `body`, `created_at`) VALUES ('25', '25', '25', 'Explicabo esse voluptatem est. Corrupti et et rerum aspernatur enim iste. Cupiditate occaecati occaecati odit. Cumque et cum illo quia dignissimos quibusdam.', '1971-05-01 04:14:12');
INSERT INTO `messages` (`id`, `from_user_id`, `to_user_id`, `body`, `created_at`) VALUES ('26', '26', '26', 'Non in voluptates quia enim suscipit accusantium tenetur perspiciatis. Atque hic necessitatibus dolores consequatur. Maiores assumenda velit laudantium voluptatem. Illum quo eaque qui dicta quos voluptatem sapiente eaque.', '1983-08-12 15:11:25');
INSERT INTO `messages` (`id`, `from_user_id`, `to_user_id`, `body`, `created_at`) VALUES ('27', '27', '27', 'Deleniti provident dolorem architecto qui qui. Rerum rerum voluptate quasi in. Molestiae voluptas aut et in corrupti. Necessitatibus aut velit dolores veritatis rerum quia reiciendis.', '2020-03-16 09:01:51');
INSERT INTO `messages` (`id`, `from_user_id`, `to_user_id`, `body`, `created_at`) VALUES ('28', '28', '28', 'Placeat iusto debitis enim asperiores vel aperiam eaque rerum. Ducimus aut similique quo voluptatum amet velit vero. In eum eos laudantium occaecati sequi omnis delectus.', '1993-10-12 09:25:09');
INSERT INTO `messages` (`id`, `from_user_id`, `to_user_id`, `body`, `created_at`) VALUES ('29', '29', '29', 'Voluptas aspernatur sit aspernatur. Praesentium ipsa sit assumenda quo ipsum soluta. Esse fuga magni nesciunt veniam porro et.', '1997-04-05 08:04:40');
INSERT INTO `messages` (`id`, `from_user_id`, `to_user_id`, `body`, `created_at`) VALUES ('30', '30', '30', 'Amet sint laudantium exercitationem nesciunt aut aut numquam. Maxime quaerat repellat voluptas. Qui aut alias beatae cum itaque aut fugiat. Quos quo nihil facere.', '1981-06-21 16:23:15');
INSERT INTO `messages` (`id`, `from_user_id`, `to_user_id`, `body`, `created_at`) VALUES ('31', '31', '31', 'Quam porro necessitatibus similique perferendis deserunt temporibus. Voluptatem ut fuga velit id pariatur. Aut blanditiis ex id commodi eos harum. Totam ipsam facere possimus.', '1981-10-09 08:30:16');
INSERT INTO `messages` (`id`, `from_user_id`, `to_user_id`, `body`, `created_at`) VALUES ('32', '32', '32', 'Dolore aliquam nemo distinctio eligendi sed quaerat ea. Ratione dolore enim ex recusandae. Blanditiis aut voluptates ea consequatur dolor est enim.', '1972-01-21 08:24:09');
INSERT INTO `messages` (`id`, `from_user_id`, `to_user_id`, `body`, `created_at`) VALUES ('33', '33', '33', 'Quasi harum aperiam tempora officia. Amet vitae nostrum ducimus assumenda inventore error debitis. Exercitationem et dolor fugit autem. Similique et placeat voluptate eius eos.', '1991-08-02 17:46:56');
INSERT INTO `messages` (`id`, `from_user_id`, `to_user_id`, `body`, `created_at`) VALUES ('34', '34', '34', 'Voluptate incidunt laborum illo laborum nulla excepturi quisquam est. Optio ea perferendis molestias vel. Recusandae et id et.', '1982-08-06 02:41:44');
INSERT INTO `messages` (`id`, `from_user_id`, `to_user_id`, `body`, `created_at`) VALUES ('35', '35', '35', 'Cupiditate animi repudiandae nisi et voluptates quo consequatur non. Itaque voluptas ea magni amet. Nobis rerum et ducimus ducimus. Debitis tempora dicta et sit.', '2018-11-26 19:19:11');
INSERT INTO `messages` (`id`, `from_user_id`, `to_user_id`, `body`, `created_at`) VALUES ('36', '36', '36', 'Accusamus nesciunt cupiditate dolores beatae. Earum sunt sit ducimus laudantium amet sed ut culpa. Quibusdam autem et qui facilis sed quos dicta rerum.', '2000-11-12 02:11:20');
INSERT INTO `messages` (`id`, `from_user_id`, `to_user_id`, `body`, `created_at`) VALUES ('37', '37', '37', 'Assumenda cumque vel blanditiis cupiditate laboriosam enim. Sequi excepturi quas sed ea. Dolorem eveniet eveniet vero officia eius quae. Hic architecto consequatur perferendis dolores perferendis qui non eum.', '1976-02-24 10:55:59');
INSERT INTO `messages` (`id`, `from_user_id`, `to_user_id`, `body`, `created_at`) VALUES ('38', '38', '38', 'Mollitia qui ab repellat in ratione aut. Maxime ut dolore non omnis. Qui ratione animi velit eum doloribus odio repellendus. Aperiam voluptatem molestiae pariatur suscipit quia.', '2014-12-24 13:49:24');
INSERT INTO `messages` (`id`, `from_user_id`, `to_user_id`, `body`, `created_at`) VALUES ('39', '39', '39', 'Repellendus qui rem delectus. Quibusdam nisi quam aut ad. Doloribus ea soluta voluptate sed atque. Magni corporis voluptas quis ea ratione quibusdam sed. Accusamus omnis in vitae dolor dolorem.', '1973-07-08 18:14:10');
INSERT INTO `messages` (`id`, `from_user_id`, `to_user_id`, `body`, `created_at`) VALUES ('40', '40', '40', 'Voluptas harum doloremque minima aliquam hic aut aut est. Rerum velit qui nulla repellat.', '2016-02-28 11:52:38');
INSERT INTO `messages` (`id`, `from_user_id`, `to_user_id`, `body`, `created_at`) VALUES ('41', '41', '41', 'Id rerum ut nemo reprehenderit dolores ratione. Asperiores quod cupiditate voluptas. Qui possimus sunt illo saepe sunt sint architecto.', '1984-04-15 20:15:47');
INSERT INTO `messages` (`id`, `from_user_id`, `to_user_id`, `body`, `created_at`) VALUES ('42', '42', '42', 'Itaque est vel excepturi debitis quia. Qui id quibusdam nam sit architecto debitis. Enim impedit non id beatae perspiciatis reiciendis.', '2011-12-13 01:30:53');
INSERT INTO `messages` (`id`, `from_user_id`, `to_user_id`, `body`, `created_at`) VALUES ('43', '43', '43', 'Et est perspiciatis corrupti enim incidunt dolorum eveniet. Aut asperiores odio et aliquam et. Atque quia non qui facere.', '1978-05-19 23:33:06');
INSERT INTO `messages` (`id`, `from_user_id`, `to_user_id`, `body`, `created_at`) VALUES ('44', '44', '44', 'Doloremque illum dolorem consequatur dolorum excepturi dicta voluptatibus. Atque velit sint voluptas vel possimus voluptas. Ut ea aut excepturi qui enim ea at. Culpa temporibus quod sed dolorum qui quisquam quod.', '2015-03-10 20:52:21');
INSERT INTO `messages` (`id`, `from_user_id`, `to_user_id`, `body`, `created_at`) VALUES ('45', '45', '45', 'Numquam quos qui molestiae repellat. Dolores aut quia quia. At ex placeat explicabo. Sunt deleniti alias fugit repudiandae.', '1991-05-15 08:15:41');
INSERT INTO `messages` (`id`, `from_user_id`, `to_user_id`, `body`, `created_at`) VALUES ('46', '46', '46', 'Rerum enim tempora voluptas aut. Adipisci nulla ut quaerat et et.', '1975-04-02 12:28:18');
INSERT INTO `messages` (`id`, `from_user_id`, `to_user_id`, `body`, `created_at`) VALUES ('47', '47', '47', 'Rerum perspiciatis voluptatem cupiditate numquam. Placeat voluptatem sunt velit. Magni quia sit quo cumque dolores dolor fugiat iure.', '1979-02-18 10:54:02');
INSERT INTO `messages` (`id`, `from_user_id`, `to_user_id`, `body`, `created_at`) VALUES ('48', '48', '48', 'Ut est dolor sunt reprehenderit deserunt vitae. Dolor est nisi aut quod optio. Ullam eos enim sit tenetur error minima veniam.', '2011-10-15 09:59:13');
INSERT INTO `messages` (`id`, `from_user_id`, `to_user_id`, `body`, `created_at`) VALUES ('49', '49', '49', 'Eius et recusandae libero et ab debitis magni. Tempora maiores dolore dolor et amet voluptas. Dignissimos accusantium quia nobis quidem et aspernatur. Reiciendis omnis non dolorem illum. Reprehenderit et praesentium ea.', '1984-09-07 01:02:17');
INSERT INTO `messages` (`id`, `from_user_id`, `to_user_id`, `body`, `created_at`) VALUES ('50', '50', '50', 'Laudantium cumque at ut quos aut nostrum. Et nemo accusamus ea perferendis quia quaerat. Ut molestiae iure aliquid explicabo culpa. Error ut nostrum quasi ut.', '1983-01-11 22:37:33');
INSERT INTO `messages` (`id`, `from_user_id`, `to_user_id`, `body`, `created_at`) VALUES ('51', '51', '51', 'Quaerat a qui qui architecto. Dolor consectetur ea laborum aut et tempore nobis nesciunt. Minus eaque unde harum reprehenderit tempore rerum. Quo saepe sit beatae doloremque non labore dolore et.', '1991-05-17 06:44:12');
INSERT INTO `messages` (`id`, `from_user_id`, `to_user_id`, `body`, `created_at`) VALUES ('52', '52', '52', 'Eaque voluptas cum illo ex magnam saepe. Dicta nihil odit dolorem sed doloribus. Distinctio natus illum voluptatum aspernatur et et qui.', '1999-02-11 08:35:20');
INSERT INTO `messages` (`id`, `from_user_id`, `to_user_id`, `body`, `created_at`) VALUES ('53', '53', '53', 'Debitis est placeat quos recusandae enim. Nihil aut illum eos magni recusandae. Aliquid dolores sint atque asperiores.', '2018-07-03 23:00:15');
INSERT INTO `messages` (`id`, `from_user_id`, `to_user_id`, `body`, `created_at`) VALUES ('54', '54', '54', 'Corporis distinctio voluptate deserunt in autem. Nemo modi quia et veritatis vel beatae. In est recusandae et iure facere delectus earum.', '1973-07-29 15:17:19');
INSERT INTO `messages` (`id`, `from_user_id`, `to_user_id`, `body`, `created_at`) VALUES ('55', '55', '55', 'Ratione reprehenderit qui dolor debitis a. Molestias dolorum in veritatis quidem similique maiores. Distinctio et ducimus nemo. Neque aspernatur aliquam voluptatem repellendus.', '1992-06-10 03:39:38');
INSERT INTO `messages` (`id`, `from_user_id`, `to_user_id`, `body`, `created_at`) VALUES ('56', '1', '1', 'Aut est odio eveniet perferendis ut natus veniam. Similique qui et expedita quis vel. Ducimus qui vitae culpa expedita maiores.', '2019-05-06 14:42:18');
INSERT INTO `messages` (`id`, `from_user_id`, `to_user_id`, `body`, `created_at`) VALUES ('57', '2', '2', 'Minus voluptas sit ducimus facilis consequuntur provident commodi placeat. Similique sit nihil et ut ratione dicta explicabo. Itaque saepe quibusdam exercitationem quia sunt est ipsa. Omnis inventore dolores blanditiis.', '2001-01-20 07:54:08');
INSERT INTO `messages` (`id`, `from_user_id`, `to_user_id`, `body`, `created_at`) VALUES ('58', '3', '3', 'Ea doloribus ut rerum vel autem quia soluta ut. Id eos quia delectus ratione dignissimos. Ut dolore nesciunt dignissimos et repellat perspiciatis.', '2009-07-27 17:46:58');
INSERT INTO `messages` (`id`, `from_user_id`, `to_user_id`, `body`, `created_at`) VALUES ('59', '4', '4', 'Laudantium vel ut consequuntur iste ex. Esse eligendi ex ratione repellendus atque sint quas. Cum ea neque iusto non. Veniam vero quis est tempore enim.', '1980-09-12 02:05:41');
INSERT INTO `messages` (`id`, `from_user_id`, `to_user_id`, `body`, `created_at`) VALUES ('60', '5', '5', 'Qui facilis et ut iure corrupti amet laborum. Possimus quidem non facere modi voluptatem earum quod. Similique nisi assumenda dignissimos repellat. Nostrum rerum ut rerum quis nobis. Nobis facilis voluptatem sit in quisquam architecto.', '1993-11-04 07:24:09');
INSERT INTO `messages` (`id`, `from_user_id`, `to_user_id`, `body`, `created_at`) VALUES ('61', '6', '6', 'Nemo nulla qui id eligendi incidunt. Maxime dicta quibusdam et. Qui enim quod ut rerum eveniet repudiandae ipsum. Repudiandae et voluptatem esse vero et.', '1980-04-18 04:38:17');
INSERT INTO `messages` (`id`, `from_user_id`, `to_user_id`, `body`, `created_at`) VALUES ('62', '7', '7', 'Dolorem vero mollitia sequi nobis omnis. Sed assumenda debitis aut magnam cupiditate repudiandae.', '1999-03-15 12:56:53');
INSERT INTO `messages` (`id`, `from_user_id`, `to_user_id`, `body`, `created_at`) VALUES ('63', '8', '8', 'Voluptatem animi molestiae cum soluta corporis error. Nam laudantium ratione quo consequatur aut perspiciatis sed. Explicabo inventore sunt magni aut accusamus.', '1976-12-07 15:56:32');
INSERT INTO `messages` (`id`, `from_user_id`, `to_user_id`, `body`, `created_at`) VALUES ('64', '9', '9', 'Dolor ea rem dolores. Et vero omnis suscipit sit vero est et velit. Enim aut accusamus et et recusandae a magni.', '2017-12-29 06:14:42');
INSERT INTO `messages` (`id`, `from_user_id`, `to_user_id`, `body`, `created_at`) VALUES ('65', '10', '10', 'Et quos perspiciatis ad sit. Ab in quo autem omnis magni cupiditate nobis. Quod in illum voluptatem sit. Aut et illum voluptas natus quod.', '1982-09-02 23:57:10');
INSERT INTO `messages` (`id`, `from_user_id`, `to_user_id`, `body`, `created_at`) VALUES ('66', '11', '11', 'Voluptas nemo impedit inventore omnis maxime odio. Perferendis perspiciatis impedit laudantium repellat et. Eum blanditiis et et quia provident laudantium.', '1996-06-06 02:46:11');
INSERT INTO `messages` (`id`, `from_user_id`, `to_user_id`, `body`, `created_at`) VALUES ('67', '12', '12', 'Provident aut sit quae veritatis ut placeat. Ipsum totam beatae sed dignissimos doloribus quo. Ratione quaerat vitae ratione nostrum soluta et.', '2007-08-17 16:36:43');
INSERT INTO `messages` (`id`, `from_user_id`, `to_user_id`, `body`, `created_at`) VALUES ('68', '13', '13', 'Incidunt consequatur similique natus optio modi repellendus doloremque. Eaque quo iure odio illum et est fugit eaque. Fugiat consequatur porro eveniet voluptas expedita ullam nam quia. Consequuntur enim in vel similique.', '2003-03-30 13:40:19');
INSERT INTO `messages` (`id`, `from_user_id`, `to_user_id`, `body`, `created_at`) VALUES ('69', '14', '14', 'Vero sint rem placeat quisquam. Ipsum unde iste rerum perferendis et quibusdam quam. Nesciunt ut omnis provident cupiditate corporis aut. Omnis excepturi aspernatur molestiae dolorum ut ex ipsam.', '2019-07-11 01:24:56');
INSERT INTO `messages` (`id`, `from_user_id`, `to_user_id`, `body`, `created_at`) VALUES ('70', '15', '15', 'Ad et ducimus qui porro natus. Sapiente dolorum libero et. Blanditiis corrupti expedita ut autem reiciendis. Ea accusantium perspiciatis in error molestias qui optio. Officia pariatur dolorum natus libero enim sed accusantium.', '1973-05-30 20:37:05');
INSERT INTO `messages` (`id`, `from_user_id`, `to_user_id`, `body`, `created_at`) VALUES ('71', '16', '16', 'Fugiat omnis ratione at velit sapiente est praesentium. Incidunt voluptatum in quis maxime quod repellat et modi. Ea qui atque consectetur sit velit ex.', '1996-04-18 11:48:28');
INSERT INTO `messages` (`id`, `from_user_id`, `to_user_id`, `body`, `created_at`) VALUES ('72', '17', '17', 'Sapiente quas tempora tenetur ad. Saepe accusantium corrupti autem quam soluta adipisci sed. Autem sed cumque ducimus placeat. Eveniet esse aliquam sint sequi voluptates qui quo.', '1992-07-20 01:58:01');
INSERT INTO `messages` (`id`, `from_user_id`, `to_user_id`, `body`, `created_at`) VALUES ('73', '18', '18', 'Libero omnis pariatur officiis ad nesciunt ut nostrum. Qui dolores qui error id ut quo. Hic numquam veniam aut libero harum.', '1994-12-23 12:14:21');
INSERT INTO `messages` (`id`, `from_user_id`, `to_user_id`, `body`, `created_at`) VALUES ('74', '19', '19', 'Ea eveniet repellat illo officiis. Impedit voluptatem fugit est. Id provident dolore esse voluptatibus.', '1978-04-02 17:23:41');
INSERT INTO `messages` (`id`, `from_user_id`, `to_user_id`, `body`, `created_at`) VALUES ('75', '20', '20', 'Doloribus autem natus modi aperiam ea necessitatibus nostrum. Ducimus et expedita ut et non itaque totam. Sunt est dolores facilis rerum et aut enim.', '1998-09-30 16:03:15');
INSERT INTO `messages` (`id`, `from_user_id`, `to_user_id`, `body`, `created_at`) VALUES ('76', '21', '21', 'Quis quisquam nihil ut voluptatibus eius culpa rerum nam. Ut repellendus dolorem molestiae eaque expedita. Voluptates aut perferendis excepturi illum. Officiis nulla quia exercitationem enim vitae ullam. Et ullam et alias assumenda maxime sed doloremque.', '2009-02-13 18:32:37');
INSERT INTO `messages` (`id`, `from_user_id`, `to_user_id`, `body`, `created_at`) VALUES ('77', '22', '22', 'Explicabo rerum odit ipsum et a perspiciatis in. Et aut delectus laborum eius non vero odio. Alias et qui consequatur doloremque porro et.', '1983-06-30 15:06:55');
INSERT INTO `messages` (`id`, `from_user_id`, `to_user_id`, `body`, `created_at`) VALUES ('78', '23', '23', 'Molestiae et qui nam assumenda. Labore qui quibusdam aut ducimus nihil quisquam. Sint quia facilis aperiam necessitatibus. Enim voluptatum est nisi odio minus.', '2007-09-08 11:31:18');
INSERT INTO `messages` (`id`, `from_user_id`, `to_user_id`, `body`, `created_at`) VALUES ('79', '24', '24', 'Placeat iure voluptatibus atque illum autem accusamus. Reprehenderit sapiente aspernatur adipisci repellat maxime est. Ea autem et voluptatem odio labore. Et illum aut itaque.', '1971-06-12 21:51:32');
INSERT INTO `messages` (`id`, `from_user_id`, `to_user_id`, `body`, `created_at`) VALUES ('80', '25', '25', 'Eaque exercitationem beatae minus. Autem et commodi natus exercitationem in recusandae et quis. Ad voluptas atque ut aliquam velit voluptatem aliquam.', '2007-04-20 15:42:29');
INSERT INTO `messages` (`id`, `from_user_id`, `to_user_id`, `body`, `created_at`) VALUES ('81', '26', '26', 'Deleniti pariatur quae eum est aut est numquam et. Aut labore voluptas eaque corporis aliquid rerum. Molestiae ut ipsa quibusdam possimus. Accusamus sunt at illo necessitatibus.', '2017-09-02 01:56:59');
INSERT INTO `messages` (`id`, `from_user_id`, `to_user_id`, `body`, `created_at`) VALUES ('82', '27', '27', 'Nulla harum distinctio voluptas voluptatem corporis numquam illo. Possimus esse et harum vero repellendus. Illum et vel labore dolor non et repellat quo. Voluptas unde cum autem inventore.', '1975-08-07 05:05:18');
INSERT INTO `messages` (`id`, `from_user_id`, `to_user_id`, `body`, `created_at`) VALUES ('83', '28', '28', 'Illum aut et autem est assumenda aut quam. Est inventore sit est ex sed quae. Blanditiis ratione quis et consequuntur perspiciatis.', '2006-02-09 04:13:07');
INSERT INTO `messages` (`id`, `from_user_id`, `to_user_id`, `body`, `created_at`) VALUES ('84', '29', '29', 'Labore non consequatur architecto expedita deserunt temporibus aut. Omnis tenetur temporibus sit neque hic voluptas consectetur nostrum. Nihil eum minima veniam tempora ullam. Corrupti nemo suscipit in harum officiis.', '1976-09-14 06:02:07');
INSERT INTO `messages` (`id`, `from_user_id`, `to_user_id`, `body`, `created_at`) VALUES ('85', '30', '30', 'Provident repellendus dignissimos dicta sed repellendus. Sint voluptatibus in architecto ea placeat. Ut voluptas qui assumenda libero. Adipisci quaerat impedit aut accusamus et.', '1970-03-10 12:13:11');
INSERT INTO `messages` (`id`, `from_user_id`, `to_user_id`, `body`, `created_at`) VALUES ('86', '31', '31', 'Molestiae repudiandae error aliquam et accusantium debitis. Quia dolorem in nam cupiditate minima.', '2011-06-01 13:08:09');
INSERT INTO `messages` (`id`, `from_user_id`, `to_user_id`, `body`, `created_at`) VALUES ('87', '32', '32', 'Officiis voluptates distinctio soluta quaerat pariatur. Sunt inventore aspernatur earum repellendus id assumenda veniam.', '1985-11-26 11:36:07');
INSERT INTO `messages` (`id`, `from_user_id`, `to_user_id`, `body`, `created_at`) VALUES ('88', '33', '33', 'Non qui dolorem aliquid ex excepturi saepe. Sint ab sed dicta doloremque et et. Voluptas esse pariatur sapiente molestiae voluptatum. Et temporibus sint vero non. Et aut nostrum in explicabo facilis molestiae.', '2000-02-14 16:18:52');
INSERT INTO `messages` (`id`, `from_user_id`, `to_user_id`, `body`, `created_at`) VALUES ('89', '34', '34', 'Cupiditate omnis quae architecto qui. Aut minus aperiam vitae sint eum quis sunt. Molestiae accusamus qui maiores distinctio totam cum. Et consequatur tenetur rerum fugiat.', '1997-07-19 22:27:09');
INSERT INTO `messages` (`id`, `from_user_id`, `to_user_id`, `body`, `created_at`) VALUES ('90', '35', '35', 'Accusantium quas doloremque non. Aut molestiae autem officiis consequatur totam voluptatem veritatis consequuntur. Occaecati veniam nesciunt quo numquam accusamus dolore. Et et explicabo nisi delectus.', '2014-12-21 11:18:06');

INSERT INTO `photo_albums` (`id`, `name`, `user_id`) VALUES ('1', 'tempore', '1');
INSERT INTO `photo_albums` (`id`, `name`, `user_id`) VALUES ('2', 'non', '2');
INSERT INTO `photo_albums` (`id`, `name`, `user_id`) VALUES ('3', 'voluptatem', '3');
INSERT INTO `photo_albums` (`id`, `name`, `user_id`) VALUES ('4', 'deserunt', '4');
INSERT INTO `photo_albums` (`id`, `name`, `user_id`) VALUES ('5', 'praesentium', '5');
INSERT INTO `photo_albums` (`id`, `name`, `user_id`) VALUES ('6', 'accusamus', '6');
INSERT INTO `photo_albums` (`id`, `name`, `user_id`) VALUES ('7', 'corporis', '7');
INSERT INTO `photo_albums` (`id`, `name`, `user_id`) VALUES ('8', 'ex', '8');
INSERT INTO `photo_albums` (`id`, `name`, `user_id`) VALUES ('9', 'iste', '9');
INSERT INTO `photo_albums` (`id`, `name`, `user_id`) VALUES ('10', 'voluptas', '10');
INSERT INTO `photo_albums` (`id`, `name`, `user_id`) VALUES ('11', 'provident', '11');
INSERT INTO `photo_albums` (`id`, `name`, `user_id`) VALUES ('12', 'deserunt', '12');
INSERT INTO `photo_albums` (`id`, `name`, `user_id`) VALUES ('13', 'quis', '13');
INSERT INTO `photo_albums` (`id`, `name`, `user_id`) VALUES ('14', 'cumque', '14');
INSERT INTO `photo_albums` (`id`, `name`, `user_id`) VALUES ('15', 'quia', '15');

INSERT INTO `photos` (`id`, `album_id`, `media_id`) VALUES ('1', '1', '1');
INSERT INTO `photos` (`id`, `album_id`, `media_id`) VALUES ('2', '2', '2');
INSERT INTO `photos` (`id`, `album_id`, `media_id`) VALUES ('3', '3', '3');
INSERT INTO `photos` (`id`, `album_id`, `media_id`) VALUES ('4', '4', '4');
INSERT INTO `photos` (`id`, `album_id`, `media_id`) VALUES ('5', '5', '5');
INSERT INTO `photos` (`id`, `album_id`, `media_id`) VALUES ('6', '6', '6');
INSERT INTO `photos` (`id`, `album_id`, `media_id`) VALUES ('7', '7', '7');
INSERT INTO `photos` (`id`, `album_id`, `media_id`) VALUES ('8', '8', '8');
INSERT INTO `photos` (`id`, `album_id`, `media_id`) VALUES ('9', '9', '9');
INSERT INTO `photos` (`id`, `album_id`, `media_id`) VALUES ('10', '10', '10');
INSERT INTO `photos` (`id`, `album_id`, `media_id`) VALUES ('11', '11', '11');
INSERT INTO `photos` (`id`, `album_id`, `media_id`) VALUES ('12', '12', '12');
INSERT INTO `photos` (`id`, `album_id`, `media_id`) VALUES ('13', '13', '13');
INSERT INTO `photos` (`id`, `album_id`, `media_id`) VALUES ('14', '14', '14');
INSERT INTO `photos` (`id`, `album_id`, `media_id`) VALUES ('15', '15', '15');
INSERT INTO `photos` (`id`, `album_id`, `media_id`) VALUES ('16', '1', '16');
INSERT INTO `photos` (`id`, `album_id`, `media_id`) VALUES ('17', '2', '17');
INSERT INTO `photos` (`id`, `album_id`, `media_id`) VALUES ('18', '3', '18');
INSERT INTO `photos` (`id`, `album_id`, `media_id`) VALUES ('19', '4', '19');
INSERT INTO `photos` (`id`, `album_id`, `media_id`) VALUES ('20', '5', '20');
INSERT INTO `photos` (`id`, `album_id`, `media_id`) VALUES ('21', '6', '21');
INSERT INTO `photos` (`id`, `album_id`, `media_id`) VALUES ('22', '7', '22');
INSERT INTO `photos` (`id`, `album_id`, `media_id`) VALUES ('23', '8', '23');
INSERT INTO `photos` (`id`, `album_id`, `media_id`) VALUES ('24', '9', '24');
INSERT INTO `photos` (`id`, `album_id`, `media_id`) VALUES ('25', '10', '25');
INSERT INTO `photos` (`id`, `album_id`, `media_id`) VALUES ('26', '11', '26');
INSERT INTO `photos` (`id`, `album_id`, `media_id`) VALUES ('27', '12', '27');
INSERT INTO `photos` (`id`, `album_id`, `media_id`) VALUES ('28', '13', '28');
INSERT INTO `photos` (`id`, `album_id`, `media_id`) VALUES ('29', '14', '29');
INSERT INTO `photos` (`id`, `album_id`, `media_id`) VALUES ('30', '15', '30');
INSERT INTO `photos` (`id`, `album_id`, `media_id`) VALUES ('31', '1', '31');
INSERT INTO `photos` (`id`, `album_id`, `media_id`) VALUES ('32', '2', '32');
INSERT INTO `photos` (`id`, `album_id`, `media_id`) VALUES ('33', '3', '33');
INSERT INTO `photos` (`id`, `album_id`, `media_id`) VALUES ('34', '4', '34');
INSERT INTO `photos` (`id`, `album_id`, `media_id`) VALUES ('35', '5', '35');
INSERT INTO `photos` (`id`, `album_id`, `media_id`) VALUES ('36', '6', '36');
INSERT INTO `photos` (`id`, `album_id`, `media_id`) VALUES ('37', '7', '37');
INSERT INTO `photos` (`id`, `album_id`, `media_id`) VALUES ('38', '8', '38');
INSERT INTO `photos` (`id`, `album_id`, `media_id`) VALUES ('39', '9', '39');
INSERT INTO `photos` (`id`, `album_id`, `media_id`) VALUES ('40', '10', '40');
INSERT INTO `photos` (`id`, `album_id`, `media_id`) VALUES ('41', '11', '41');
INSERT INTO `photos` (`id`, `album_id`, `media_id`) VALUES ('42', '12', '42');
INSERT INTO `photos` (`id`, `album_id`, `media_id`) VALUES ('43', '13', '43');
INSERT INTO `photos` (`id`, `album_id`, `media_id`) VALUES ('44', '14', '44');
INSERT INTO `photos` (`id`, `album_id`, `media_id`) VALUES ('45', '15', '45');
INSERT INTO `photos` (`id`, `album_id`, `media_id`) VALUES ('46', '1', '46');
INSERT INTO `photos` (`id`, `album_id`, `media_id`) VALUES ('47', '2', '47');
INSERT INTO `photos` (`id`, `album_id`, `media_id`) VALUES ('48', '3', '48');
INSERT INTO `photos` (`id`, `album_id`, `media_id`) VALUES ('49', '4', '49');
INSERT INTO `photos` (`id`, `album_id`, `media_id`) VALUES ('50', '5', '50');
INSERT INTO `photos` (`id`, `album_id`, `media_id`) VALUES ('51', '6', '51');
INSERT INTO `photos` (`id`, `album_id`, `media_id`) VALUES ('52', '7', '52');
INSERT INTO `photos` (`id`, `album_id`, `media_id`) VALUES ('53', '8', '53');
INSERT INTO `photos` (`id`, `album_id`, `media_id`) VALUES ('54', '9', '54');
INSERT INTO `photos` (`id`, `album_id`, `media_id`) VALUES ('55', '10', '55');
INSERT INTO `photos` (`id`, `album_id`, `media_id`) VALUES ('56', '11', '1');
INSERT INTO `photos` (`id`, `album_id`, `media_id`) VALUES ('57', '12', '2');
INSERT INTO `photos` (`id`, `album_id`, `media_id`) VALUES ('58', '13', '3');
INSERT INTO `photos` (`id`, `album_id`, `media_id`) VALUES ('59', '14', '4');
INSERT INTO `photos` (`id`, `album_id`, `media_id`) VALUES ('60', '15', '5');
INSERT INTO `photos` (`id`, `album_id`, `media_id`) VALUES ('61', '1', '6');
INSERT INTO `photos` (`id`, `album_id`, `media_id`) VALUES ('62', '2', '7');
INSERT INTO `photos` (`id`, `album_id`, `media_id`) VALUES ('63', '3', '8');
INSERT INTO `photos` (`id`, `album_id`, `media_id`) VALUES ('64', '4', '9');
INSERT INTO `photos` (`id`, `album_id`, `media_id`) VALUES ('65', '5', '10');
INSERT INTO `photos` (`id`, `album_id`, `media_id`) VALUES ('66', '6', '11');
INSERT INTO `photos` (`id`, `album_id`, `media_id`) VALUES ('67', '7', '12');
INSERT INTO `photos` (`id`, `album_id`, `media_id`) VALUES ('68', '8', '13');
INSERT INTO `photos` (`id`, `album_id`, `media_id`) VALUES ('69', '9', '14');
INSERT INTO `photos` (`id`, `album_id`, `media_id`) VALUES ('70', '10', '15');
INSERT INTO `photos` (`id`, `album_id`, `media_id`) VALUES ('71', '11', '16');
INSERT INTO `photos` (`id`, `album_id`, `media_id`) VALUES ('72', '12', '17');
INSERT INTO `photos` (`id`, `album_id`, `media_id`) VALUES ('73', '13', '18');
INSERT INTO `photos` (`id`, `album_id`, `media_id`) VALUES ('74', '14', '19');
INSERT INTO `photos` (`id`, `album_id`, `media_id`) VALUES ('75', '15', '20');
INSERT INTO `photos` (`id`, `album_id`, `media_id`) VALUES ('76', '1', '21');

INSERT INTO `profiles` (`user_id`, `gender`, `birthday`, `photo_id`, `created_at`, `hometown`) VALUES ('1', NULL, '1987-07-31', '1', '1977-03-07 16:21:53', NULL);
INSERT INTO `profiles` (`user_id`, `gender`, `birthday`, `photo_id`, `created_at`, `hometown`) VALUES ('2', NULL, '1978-03-09', '2', '1996-05-26 03:15:34', NULL);
INSERT INTO `profiles` (`user_id`, `gender`, `birthday`, `photo_id`, `created_at`, `hometown`) VALUES ('3', NULL, '1993-08-01', '3', '1998-10-12 18:00:08', NULL);
INSERT INTO `profiles` (`user_id`, `gender`, `birthday`, `photo_id`, `created_at`, `hometown`) VALUES ('4', NULL, '1989-10-12', '4', '2001-11-14 16:24:56', NULL);
INSERT INTO `profiles` (`user_id`, `gender`, `birthday`, `photo_id`, `created_at`, `hometown`) VALUES ('5', NULL, '1999-06-12', '5', '2012-01-05 00:23:14', NULL);
INSERT INTO `profiles` (`user_id`, `gender`, `birthday`, `photo_id`, `created_at`, `hometown`) VALUES ('6', NULL, '1993-02-10', '6', '2001-10-26 08:53:35', NULL);
INSERT INTO `profiles` (`user_id`, `gender`, `birthday`, `photo_id`, `created_at`, `hometown`) VALUES ('7', NULL, '2010-04-23', '7', '2001-06-16 16:08:41', NULL);
INSERT INTO `profiles` (`user_id`, `gender`, `birthday`, `photo_id`, `created_at`, `hometown`) VALUES ('8', NULL, '1988-12-10', '8', '2017-07-30 17:02:16', NULL);
INSERT INTO `profiles` (`user_id`, `gender`, `birthday`, `photo_id`, `created_at`, `hometown`) VALUES ('9', NULL, '1982-04-17', '9', '2006-01-24 02:08:40', NULL);
INSERT INTO `profiles` (`user_id`, `gender`, `birthday`, `photo_id`, `created_at`, `hometown`) VALUES ('10', NULL, '2015-06-28', '10', '1980-07-05 14:45:38', NULL);
INSERT INTO `profiles` (`user_id`, `gender`, `birthday`, `photo_id`, `created_at`, `hometown`) VALUES ('11', NULL, '1993-05-02', '11', '1977-04-09 03:47:43', NULL);
INSERT INTO `profiles` (`user_id`, `gender`, `birthday`, `photo_id`, `created_at`, `hometown`) VALUES ('12', NULL, '1977-06-05', '12', '1974-09-17 22:14:15', NULL);
INSERT INTO `profiles` (`user_id`, `gender`, `birthday`, `photo_id`, `created_at`, `hometown`) VALUES ('13', NULL, '1976-06-01', '13', '1975-08-30 14:42:30', NULL);
INSERT INTO `profiles` (`user_id`, `gender`, `birthday`, `photo_id`, `created_at`, `hometown`) VALUES ('14', NULL, '2018-03-09', '14', '2014-02-01 07:26:48', NULL);
INSERT INTO `profiles` (`user_id`, `gender`, `birthday`, `photo_id`, `created_at`, `hometown`) VALUES ('15', NULL, '1976-11-25', '15', '1982-07-17 22:35:20', NULL);
INSERT INTO `profiles` (`user_id`, `gender`, `birthday`, `photo_id`, `created_at`, `hometown`) VALUES ('16', NULL, '2001-05-18', '16', '1998-06-02 05:27:55', NULL);
INSERT INTO `profiles` (`user_id`, `gender`, `birthday`, `photo_id`, `created_at`, `hometown`) VALUES ('17', NULL, '2002-09-16', '17', '2008-02-24 05:06:22', NULL);
INSERT INTO `profiles` (`user_id`, `gender`, `birthday`, `photo_id`, `created_at`, `hometown`) VALUES ('18', NULL, '2020-01-29', '18', '2005-03-15 10:26:40', NULL);
INSERT INTO `profiles` (`user_id`, `gender`, `birthday`, `photo_id`, `created_at`, `hometown`) VALUES ('19', NULL, '1994-09-23', '19', '2013-08-10 17:52:16', NULL);
INSERT INTO `profiles` (`user_id`, `gender`, `birthday`, `photo_id`, `created_at`, `hometown`) VALUES ('20', NULL, '2011-12-04', '20', '1981-08-12 17:22:20', NULL);
INSERT INTO `profiles` (`user_id`, `gender`, `birthday`, `photo_id`, `created_at`, `hometown`) VALUES ('21', NULL, '2018-03-28', '21', '1984-12-09 13:26:01', NULL);
INSERT INTO `profiles` (`user_id`, `gender`, `birthday`, `photo_id`, `created_at`, `hometown`) VALUES ('22', NULL, '1989-11-19', '22', '1997-11-01 15:51:11', NULL);
INSERT INTO `profiles` (`user_id`, `gender`, `birthday`, `photo_id`, `created_at`, `hometown`) VALUES ('23', NULL, '1974-05-31', '23', '1990-11-13 10:18:01', NULL);
INSERT INTO `profiles` (`user_id`, `gender`, `birthday`, `photo_id`, `created_at`, `hometown`) VALUES ('24', NULL, '2000-06-17', '24', '1973-07-20 11:47:05', NULL);
INSERT INTO `profiles` (`user_id`, `gender`, `birthday`, `photo_id`, `created_at`, `hometown`) VALUES ('25', NULL, '1988-06-22', '25', '1976-02-29 13:24:23', NULL);
INSERT INTO `profiles` (`user_id`, `gender`, `birthday`, `photo_id`, `created_at`, `hometown`) VALUES ('26', NULL, '2016-08-10', '26', '2002-07-12 19:44:12', NULL);
INSERT INTO `profiles` (`user_id`, `gender`, `birthday`, `photo_id`, `created_at`, `hometown`) VALUES ('27', NULL, '1977-12-03', '27', '1973-06-25 00:44:19', NULL);
INSERT INTO `profiles` (`user_id`, `gender`, `birthday`, `photo_id`, `created_at`, `hometown`) VALUES ('28', NULL, '2003-05-19', '28', '1988-01-05 11:18:24', NULL);
INSERT INTO `profiles` (`user_id`, `gender`, `birthday`, `photo_id`, `created_at`, `hometown`) VALUES ('29', NULL, '1998-11-29', '29', '1984-08-14 12:51:36', NULL);
INSERT INTO `profiles` (`user_id`, `gender`, `birthday`, `photo_id`, `created_at`, `hometown`) VALUES ('30', NULL, '1976-11-07', '30', '1980-04-09 00:16:16', NULL);
INSERT INTO `profiles` (`user_id`, `gender`, `birthday`, `photo_id`, `created_at`, `hometown`) VALUES ('31', NULL, '1999-04-30', '31', '2000-09-06 05:00:26', NULL);
INSERT INTO `profiles` (`user_id`, `gender`, `birthday`, `photo_id`, `created_at`, `hometown`) VALUES ('32', NULL, '1971-12-07', '32', '2020-01-25 00:52:29', NULL);
INSERT INTO `profiles` (`user_id`, `gender`, `birthday`, `photo_id`, `created_at`, `hometown`) VALUES ('33', NULL, '1987-04-10', '33', '1976-10-25 05:12:47', NULL);
INSERT INTO `profiles` (`user_id`, `gender`, `birthday`, `photo_id`, `created_at`, `hometown`) VALUES ('34', NULL, '2015-11-18', '34', '2004-07-01 14:22:41', NULL);
INSERT INTO `profiles` (`user_id`, `gender`, `birthday`, `photo_id`, `created_at`, `hometown`) VALUES ('35', NULL, '2006-05-28', '35', '1977-07-25 16:36:43', NULL);
INSERT INTO `profiles` (`user_id`, `gender`, `birthday`, `photo_id`, `created_at`, `hometown`) VALUES ('36', NULL, '1990-09-17', '36', '1989-07-12 01:47:22', NULL);
INSERT INTO `profiles` (`user_id`, `gender`, `birthday`, `photo_id`, `created_at`, `hometown`) VALUES ('37', NULL, '1994-10-09', '37', '1973-03-17 15:07:36', NULL);
INSERT INTO `profiles` (`user_id`, `gender`, `birthday`, `photo_id`, `created_at`, `hometown`) VALUES ('38', NULL, '2014-04-04', '38', '2016-05-09 00:39:38', NULL);
INSERT INTO `profiles` (`user_id`, `gender`, `birthday`, `photo_id`, `created_at`, `hometown`) VALUES ('39', NULL, '2019-12-15', '39', '1994-03-05 21:04:06', NULL);
INSERT INTO `profiles` (`user_id`, `gender`, `birthday`, `photo_id`, `created_at`, `hometown`) VALUES ('40', NULL, '2007-06-19', '40', '1997-01-29 09:00:14', NULL);
INSERT INTO `profiles` (`user_id`, `gender`, `birthday`, `photo_id`, `created_at`, `hometown`) VALUES ('41', NULL, '1976-11-10', '41', '2003-11-13 11:33:40', NULL);
INSERT INTO `profiles` (`user_id`, `gender`, `birthday`, `photo_id`, `created_at`, `hometown`) VALUES ('42', NULL, '1983-05-05', '42', '2001-10-27 14:10:24', NULL);
INSERT INTO `profiles` (`user_id`, `gender`, `birthday`, `photo_id`, `created_at`, `hometown`) VALUES ('43', NULL, '2014-03-29', '43', '2005-11-12 11:08:05', NULL);
INSERT INTO `profiles` (`user_id`, `gender`, `birthday`, `photo_id`, `created_at`, `hometown`) VALUES ('44', NULL, '1972-09-21', '44', '1976-10-17 23:48:29', NULL);
INSERT INTO `profiles` (`user_id`, `gender`, `birthday`, `photo_id`, `created_at`, `hometown`) VALUES ('45', NULL, '1991-02-06', '45', '1978-07-11 01:53:40', NULL);
INSERT INTO `profiles` (`user_id`, `gender`, `birthday`, `photo_id`, `created_at`, `hometown`) VALUES ('46', NULL, '1978-02-27', '46', '1975-02-23 13:54:09', NULL);
INSERT INTO `profiles` (`user_id`, `gender`, `birthday`, `photo_id`, `created_at`, `hometown`) VALUES ('47', NULL, '1972-02-18', '47', '2003-07-15 10:34:22', NULL);
INSERT INTO `profiles` (`user_id`, `gender`, `birthday`, `photo_id`, `created_at`, `hometown`) VALUES ('48', NULL, '2009-02-06', '48', '1978-04-02 06:51:18', NULL);
INSERT INTO `profiles` (`user_id`, `gender`, `birthday`, `photo_id`, `created_at`, `hometown`) VALUES ('49', NULL, '1976-04-03', '49', '2009-10-05 09:22:35', NULL);
INSERT INTO `profiles` (`user_id`, `gender`, `birthday`, `photo_id`, `created_at`, `hometown`) VALUES ('50', NULL, '2011-04-08', '50', '1983-03-10 21:50:37', NULL);
INSERT INTO `profiles` (`user_id`, `gender`, `birthday`, `photo_id`, `created_at`, `hometown`) VALUES ('51', NULL, '1979-05-21', '51', '2000-05-07 12:03:33', NULL);
INSERT INTO `profiles` (`user_id`, `gender`, `birthday`, `photo_id`, `created_at`, `hometown`) VALUES ('52', NULL, '1983-02-05', '52', '2002-02-12 01:58:28', NULL);
INSERT INTO `profiles` (`user_id`, `gender`, `birthday`, `photo_id`, `created_at`, `hometown`) VALUES ('53', NULL, '1990-07-15', '53', '1978-04-01 04:03:22', NULL);
INSERT INTO `profiles` (`user_id`, `gender`, `birthday`, `photo_id`, `created_at`, `hometown`) VALUES ('54', NULL, '1994-01-04', '54', '1981-02-09 14:33:59', NULL);
INSERT INTO `profiles` (`user_id`, `gender`, `birthday`, `photo_id`, `created_at`, `hometown`) VALUES ('55', NULL, '1997-02-14', '55', '2002-08-31 11:10:46', NULL);

INSERT INTO `users_communities` (`user_id`, `community_id`) VALUES ('1', '1');
INSERT INTO `users_communities` (`user_id`, `community_id`) VALUES ('1', '16');
INSERT INTO `users_communities` (`user_id`, `community_id`) VALUES ('2', '2');
INSERT INTO `users_communities` (`user_id`, `community_id`) VALUES ('2', '17');
INSERT INTO `users_communities` (`user_id`, `community_id`) VALUES ('3', '3');
INSERT INTO `users_communities` (`user_id`, `community_id`) VALUES ('3', '18');
INSERT INTO `users_communities` (`user_id`, `community_id`) VALUES ('4', '4');
INSERT INTO `users_communities` (`user_id`, `community_id`) VALUES ('4', '19');
INSERT INTO `users_communities` (`user_id`, `community_id`) VALUES ('5', '5');
INSERT INTO `users_communities` (`user_id`, `community_id`) VALUES ('5', '20');
INSERT INTO `users_communities` (`user_id`, `community_id`) VALUES ('6', '6');
INSERT INTO `users_communities` (`user_id`, `community_id`) VALUES ('7', '7');
INSERT INTO `users_communities` (`user_id`, `community_id`) VALUES ('8', '8');
INSERT INTO `users_communities` (`user_id`, `community_id`) VALUES ('9', '9');
INSERT INTO `users_communities` (`user_id`, `community_id`) VALUES ('10', '10');
INSERT INTO `users_communities` (`user_id`, `community_id`) VALUES ('11', '11');
INSERT INTO `users_communities` (`user_id`, `community_id`) VALUES ('12', '12');
INSERT INTO `users_communities` (`user_id`, `community_id`) VALUES ('13', '13');
INSERT INTO `users_communities` (`user_id`, `community_id`) VALUES ('14', '14');
INSERT INTO `users_communities` (`user_id`, `community_id`) VALUES ('15', '15');
INSERT INTO `users_communities` (`user_id`, `community_id`) VALUES ('16', '16');
INSERT INTO `users_communities` (`user_id`, `community_id`) VALUES ('17', '17');
INSERT INTO `users_communities` (`user_id`, `community_id`) VALUES ('18', '18');
INSERT INTO `users_communities` (`user_id`, `community_id`) VALUES ('19', '19');
INSERT INTO `users_communities` (`user_id`, `community_id`) VALUES ('20', '20');
INSERT INTO `users_communities` (`user_id`, `community_id`) VALUES ('21', '21');
INSERT INTO `users_communities` (`user_id`, `community_id`) VALUES ('22', '22');
INSERT INTO `users_communities` (`user_id`, `community_id`) VALUES ('23', '23');
INSERT INTO `users_communities` (`user_id`, `community_id`) VALUES ('24', '24');
INSERT INTO `users_communities` (`user_id`, `community_id`) VALUES ('25', '25');
INSERT INTO `users_communities` (`user_id`, `community_id`) VALUES ('26', '26');
INSERT INTO `users_communities` (`user_id`, `community_id`) VALUES ('27', '27');
INSERT INTO `users_communities` (`user_id`, `community_id`) VALUES ('28', '28');
INSERT INTO `users_communities` (`user_id`, `community_id`) VALUES ('29', '29');
INSERT INTO `users_communities` (`user_id`, `community_id`) VALUES ('30', '30');
INSERT INTO `users_communities` (`user_id`, `community_id`) VALUES ('31', '31');
INSERT INTO `users_communities` (`user_id`, `community_id`) VALUES ('32', '32');
INSERT INTO `users_communities` (`user_id`, `community_id`) VALUES ('33', '33');
INSERT INTO `users_communities` (`user_id`, `community_id`) VALUES ('34', '34');
INSERT INTO `users_communities` (`user_id`, `community_id`) VALUES ('35', '35');
INSERT INTO `users_communities` (`user_id`, `community_id`) VALUES ('36', '36');
INSERT INTO `users_communities` (`user_id`, `community_id`) VALUES ('37', '37');
INSERT INTO `users_communities` (`user_id`, `community_id`) VALUES ('38', '38');
INSERT INTO `users_communities` (`user_id`, `community_id`) VALUES ('39', '39');
INSERT INTO `users_communities` (`user_id`, `community_id`) VALUES ('40', '40');
INSERT INTO `users_communities` (`user_id`, `community_id`) VALUES ('41', '1');
INSERT INTO `users_communities` (`user_id`, `community_id`) VALUES ('42', '2');
INSERT INTO `users_communities` (`user_id`, `community_id`) VALUES ('43', '3');
INSERT INTO `users_communities` (`user_id`, `community_id`) VALUES ('44', '4');
INSERT INTO `users_communities` (`user_id`, `community_id`) VALUES ('45', '5');
INSERT INTO `users_communities` (`user_id`, `community_id`) VALUES ('46', '6');
INSERT INTO `users_communities` (`user_id`, `community_id`) VALUES ('47', '7');
INSERT INTO `users_communities` (`user_id`, `community_id`) VALUES ('48', '8');
INSERT INTO `users_communities` (`user_id`, `community_id`) VALUES ('49', '9');
INSERT INTO `users_communities` (`user_id`, `community_id`) VALUES ('50', '10');
INSERT INTO `users_communities` (`user_id`, `community_id`) VALUES ('51', '11');
INSERT INTO `users_communities` (`user_id`, `community_id`) VALUES ('52', '12');
INSERT INTO `users_communities` (`user_id`, `community_id`) VALUES ('53', '13');
INSERT INTO `users_communities` (`user_id`, `community_id`) VALUES ('54', '14');
INSERT INTO `users_communities` (`user_id`, `community_id`) VALUES ('55', '15');

INSERT INTO IGNORE `friend_requests` (`initiator_user_id`,`target_user_id`,`status`) 
VALUES 
	(39,3,"approved"),
	(21,24,"requested"),
	(19,37,"requested"),
	(54,17,"unfriended"),
	(55,7,"unfriended"),
	(39,52,"requested"),
	(5,11,"approved"),
	(43,40,"unfriended"),
	(36,19,"approved"),
	(36,24,"requested"),
	(49,15,"requested"),
	(35,1,"approved"),
	(47,38,"declined"),
	(13,7,"declined"),
	(53,49,"unfriended"),
	(19,19,"requested"),
	(44,23,"declined"),
	(34,30,"declined"),
	(48,16,"approved"),
	(19,20,"declined"),
	(21,19,"declined"),
	(10,44,"approved"),
	(35,39,"declined"),
	(37,6,"approved"),
	(17,33,"declined"),
	(21,41,"unfriended"),
	(2,16,"requested"),
	(11,30,"unfriended"),
	(48,43,"unfriended"),
	(7,26,"approved"),
	(9,36,"unfriended"),
	(34,44,"unfriended"),
	(20,22,"requested"),
	(55,34,"approved"),
	(26,11,"requested"),
	(19,15,"approved"),
	(11,12,"declined"),
	(38,4,"unfriended"),
	(4,9,"declined"),
	(52,26,"approved"),
	(14,17,"requested"),
	(40,39,"approved"),
	(36,37,"declined"),
	(11,49,"unfriended"),
	(3,20,"unfriended"),
	(25,40,"approved"),
	(28,41,"declined"),
	(28,12,"unfriended"),
	(27,22,"requested"),
	(34,16,"unfriended"),
	(52,8,"approved"),
	(14,28,"requested");
